image_id,file_name,width,height,x_min,y_min,x_max,y_max,class_id
ISIC_0000000,ISIC_0000000.jpg,512,512,25,31,451,425,1
ISIC_0000001,ISIC_0000001.jpg,512,512,176,153,326,323,1
ISIC_0000003,ISIC_0000003.jpg,512,512,126,34,426,468,1
ISIC_0000004,ISIC_0000004.jpg,512,512,91,39,361,480,1
ISIC_0000006,ISIC_0000006.jpg,512,512,167,128,314,362,1
ISIC_0000007,ISIC_0000007.jpg,512,512,173,157,347,356,1
ISIC_0000008,ISIC_0000008.jpg,512,512,100,56,405,479,1
ISIC_0000009,ISIC_0000009.jpg,512,512,93,103,368,422,1
ISIC_0000011,ISIC_0000011.jpg,512,512,122,102,378,386,1
ISIC_0000012,ISIC_0000012.jpg,512,512,187,187,312,347,1
ISIC_0000013,ISIC_0000013.jpg,512,512,100,82,396,426,1
ISIC_0000014,ISIC_0000014.jpg,512,512,64,91,405,428,1
ISIC_0000015,ISIC_0000015.jpg,512,512,89,75,364,416,1
ISIC_0000016,ISIC_0000016.jpg,512,512,124,19,370,344,1
ISIC_0000017,ISIC_0000017.jpg,512,512,145,119,344,396,1
ISIC_0000018,ISIC_0000018.jpg,512,512,67,97,400,387,1
ISIC_0000019,ISIC_0000019.jpg,512,512,72,103,390,460,1
ISIC_0000020,ISIC_0000020.jpg,512,512,101,68,320,497,1
ISIC_0000021,ISIC_0000021.jpg,512,512,70,49,371,478,1
ISIC_0000022,ISIC_0000022.jpg,512,512,52,53,459,425,1
ISIC_0000023,ISIC_0000023.jpg,512,512,197,119,425,377,1
ISIC_0000024,ISIC_0000024.jpg,512,512,116,61,433,470,1
ISIC_0000025,ISIC_0000025.jpg,512,512,135,115,373,441,1
ISIC_0000026,ISIC_0000026.jpg,512,512,28,40,498,482,1
ISIC_0000027,ISIC_0000027.jpg,512,512,125,79,345,433,1
ISIC_0000028,ISIC_0000028.jpg,512,512,93,123,400,430,1
ISIC_0000029,ISIC_0000029.jpg,512,512,102,44,426,486,1
ISIC_0000030,ISIC_0000030.jpg,512,512,85,11,468,503,1
ISIC_0000031,ISIC_0000031.jpg,512,512,64,69,407,457,1
ISIC_0000032,ISIC_0000032.jpg,512,512,107,88,386,483,1
ISIC_0000034,ISIC_0000034.jpg,512,512,125,152,429,394,1
ISIC_0000035,ISIC_0000035.jpg,512,512,60,34,452,460,1
ISIC_0000036,ISIC_0000036.jpg,512,512,42,77,405,467,1
ISIC_0000037,ISIC_0000037.jpg,512,512,47,8,468,463,1
ISIC_0000038,ISIC_0000038.jpg,512,512,6,62,471,479,1
ISIC_0000039,ISIC_0000039.jpg,512,512,120,111,371,422,1
ISIC_0000040,ISIC_0000040.jpg,512,512,114,75,406,419,1
ISIC_0000041,ISIC_0000041.jpg,512,512,148,140,279,349,1
ISIC_0000042,ISIC_0000042.jpg,512,512,107,57,397,479,1
ISIC_0000043,ISIC_0000043.jpg,512,512,67,66,418,495,1
ISIC_0000044,ISIC_0000044.jpg,512,512,41,34,460,459,1
ISIC_0000045,ISIC_0000045.jpg,512,512,77,8,371,395,1
ISIC_0000046,ISIC_0000046.jpg,512,512,54,68,430,443,1
ISIC_0000047,ISIC_0000047.jpg,512,512,88,90,355,423,1
ISIC_0000048,ISIC_0000048.jpg,512,512,130,130,293,430,1
ISIC_0000049,ISIC_0000049.jpg,512,512,39,2,484,487,1
ISIC_0000050,ISIC_0000050.jpg,512,512,104,89,452,418,1
ISIC_0000051,ISIC_0000051.jpg,512,512,73,87,415,450,1
ISIC_0000052,ISIC_0000052.jpg,512,512,66,2,482,511,1
ISIC_0000053,ISIC_0000053.jpg,512,512,36,7,423,508,1
ISIC_0000054,ISIC_0000054.jpg,512,512,120,118,375,455,1
ISIC_0000055,ISIC_0000055.jpg,512,512,145,35,503,512,1
ISIC_0000056,ISIC_0000056.jpg,512,512,102,19,476,474,1
ISIC_0000057,ISIC_0000057.jpg,512,512,142,152,355,485,1
ISIC_0000058,ISIC_0000058.jpg,512,512,79,36,451,498,1
ISIC_0000059,ISIC_0000059.jpg,512,512,47,69,425,464,1
ISIC_0000060,ISIC_0000060.jpg,512,512,39,43,393,508,1
ISIC_0000061,ISIC_0000061.jpg,512,512,103,92,411,476,1
ISIC_0000062,ISIC_0000062.jpg,512,512,172,141,298,386,1
ISIC_0000063,ISIC_0000063.jpg,512,512,71,50,414,511,1
ISIC_0000064,ISIC_0000064.jpg,512,512,89,80,377,481,1
ISIC_0000065,ISIC_0000065.jpg,512,512,58,142,473,389,1
ISIC_0000066,ISIC_0000066.jpg,512,512,17,8,448,486,1
ISIC_0000067,ISIC_0000067.jpg,512,512,66,56,331,459,1
ISIC_0000068,ISIC_0000068.jpg,512,512,49,93,420,449,1
ISIC_0000069,ISIC_0000069.jpg,512,512,121,149,359,372,1
ISIC_0000071,ISIC_0000071.jpg,512,512,137,165,330,334,1
ISIC_0000072,ISIC_0000072.jpg,512,512,157,147,327,418,1
ISIC_0000073,ISIC_0000073.jpg,512,512,63,85,450,419,1
ISIC_0000074,ISIC_0000074.jpg,512,512,21,35,509,425,1
ISIC_0000075,ISIC_0000075.jpg,512,512,39,1,472,510,1
ISIC_0000077,ISIC_0000077.jpg,512,512,94,80,429,507,1
ISIC_0000078,ISIC_0000078.jpg,512,512,172,138,348,393,1
ISIC_0000079,ISIC_0000079.jpg,512,512,164,182,330,351,1
ISIC_0000080,ISIC_0000080.jpg,512,512,134,122,373,395,1
ISIC_0000081,ISIC_0000081.jpg,512,512,140,139,333,397,1
ISIC_0000082,ISIC_0000082.jpg,512,512,136,43,388,438,1
ISIC_0000085,ISIC_0000085.jpg,512,512,162,149,372,403,1
ISIC_0000086,ISIC_0000086.jpg,512,512,78,128,420,374,1
ISIC_0000087,ISIC_0000087.jpg,512,512,63,82,479,409,1
ISIC_0000088,ISIC_0000088.jpg,512,512,128,58,373,446,1
ISIC_0000089,ISIC_0000089.jpg,512,512,184,99,334,442,1
ISIC_0000091,ISIC_0000091.jpg,512,512,154,124,325,405,1
ISIC_0000092,ISIC_0000092.jpg,512,512,179,155,363,332,1
ISIC_0000093,ISIC_0000093.jpg,512,512,182,165,352,385,1
ISIC_0000094,ISIC_0000094.jpg,512,512,204,189,370,328,1
ISIC_0000095,ISIC_0000095.jpg,512,512,200,155,328,376,1
ISIC_0000096,ISIC_0000096.jpg,512,512,121,71,427,395,1
ISIC_0000097,ISIC_0000097.jpg,512,512,110,65,423,390,1
ISIC_0000098,ISIC_0000098.jpg,512,512,197,204,297,292,1
ISIC_0000099,ISIC_0000099.jpg,512,512,57,102,456,461,1
ISIC_0000100,ISIC_0000100.jpg,512,512,122,31,423,492,1
ISIC_0000101,ISIC_0000101.jpg,512,512,110,12,412,475,1
ISIC_0000102,ISIC_0000102.jpg,512,512,210,200,298,320,1
ISIC_0000103,ISIC_0000103.jpg,512,512,34,39,386,439,1
ISIC_0000104,ISIC_0000104.jpg,512,512,126,107,404,394,1
ISIC_0000105,ISIC_0000105.jpg,512,512,171,125,318,317,1
ISIC_0000107,ISIC_0000107.jpg,512,512,125,47,352,432,1
ISIC_0000108,ISIC_0000108.jpg,512,512,170,117,410,393,1
ISIC_0000109,ISIC_0000109.jpg,512,512,54,43,424,510,1
ISIC_0000110,ISIC_0000110.jpg,512,512,155,143,359,318,1
ISIC_0000111,ISIC_0000111.jpg,512,512,23,27,498,498,1
ISIC_0000112,ISIC_0000112.jpg,512,512,138,78,398,369,1
ISIC_0000113,ISIC_0000113.jpg,512,512,124,114,352,377,1
ISIC_0000115,ISIC_0000115.jpg,512,512,179,91,364,484,1
ISIC_0000116,ISIC_0000116.jpg,512,512,33,58,385,449,1
ISIC_0000117,ISIC_0000117.jpg,512,512,165,78,431,371,1
ISIC_0000119,ISIC_0000119.jpg,512,512,165,90,357,428,1
ISIC_0000120,ISIC_0000120.jpg,512,512,85,24,406,489,1
ISIC_0000121,ISIC_0000121.jpg,512,512,96,97,372,454,1
ISIC_0000122,ISIC_0000122.jpg,512,512,95,83,458,431,1
ISIC_0000123,ISIC_0000123.jpg,512,512,132,102,413,349,1
ISIC_0000124,ISIC_0000124.jpg,512,512,132,56,374,447,1
ISIC_0000125,ISIC_0000125.jpg,512,512,240,214,306,293,1
ISIC_0000126,ISIC_0000126.jpg,512,512,106,90,385,423,1
ISIC_0000127,ISIC_0000127.jpg,512,512,55,3,428,461,1
ISIC_0000128,ISIC_0000128.jpg,512,512,154,125,370,384,1
ISIC_0000129,ISIC_0000129.jpg,512,512,206,154,354,401,1
ISIC_0000131,ISIC_0000131.jpg,512,512,117,33,379,372,1
ISIC_0000132,ISIC_0000132.jpg,512,512,205,118,306,268,1
ISIC_0000133,ISIC_0000133.jpg,512,512,201,117,388,377,1
ISIC_0000134,ISIC_0000134.jpg,512,512,216,131,329,399,1
ISIC_0000135,ISIC_0000135.jpg,512,512,173,159,346,391,1
ISIC_0000136,ISIC_0000136.jpg,512,512,34,20,451,473,1
ISIC_0000137,ISIC_0000137.jpg,512,512,117,107,450,384,1
ISIC_0000138,ISIC_0000138.jpg,512,512,172,132,390,415,1
ISIC_0000139,ISIC_0000139.jpg,512,512,130,78,392,429,1
ISIC_0000140,ISIC_0000140.jpg,512,512,136,50,440,462,1
ISIC_0000141,ISIC_0000141.jpg,512,512,136,148,417,387,1
ISIC_0000142,ISIC_0000142.jpg,512,512,118,76,427,464,1
ISIC_0000143,ISIC_0000143.jpg,512,512,97,140,415,440,1
ISIC_0000145,ISIC_0000145.jpg,512,512,126,37,383,440,1
ISIC_0000146,ISIC_0000146.jpg,512,512,97,45,413,442,1
ISIC_0000147,ISIC_0000147.jpg,512,512,92,17,445,489,1
ISIC_0000148,ISIC_0000148.jpg,512,512,181,88,365,404,1
ISIC_0000149,ISIC_0000149.jpg,512,512,104,4,483,462,1
ISIC_0000150,ISIC_0000150.jpg,512,512,72,78,419,441,1
ISIC_0000151,ISIC_0000151.jpg,512,512,145,141,359,332,1
ISIC_0000152,ISIC_0000152.jpg,512,512,162,42,396,398,1
ISIC_0000153,ISIC_0000153.jpg,512,512,103,67,401,437,1
ISIC_0000154,ISIC_0000154.jpg,512,512,188,123,380,353,1
ISIC_0000155,ISIC_0000155.jpg,512,512,86,14,454,502,1
ISIC_0000156,ISIC_0000156.jpg,512,512,102,37,386,485,1
ISIC_0000157,ISIC_0000157.jpg,512,512,123,61,403,494,1
ISIC_0000159,ISIC_0000159.jpg,512,512,150,50,445,508,1
ISIC_0000160,ISIC_0000160.jpg,512,512,0,37,512,512,1
ISIC_0000161,ISIC_0000161.jpg,512,512,77,29,466,506,1
ISIC_0000162,ISIC_0000162.jpg,512,512,85,16,430,454,1
ISIC_0000163,ISIC_0000163.jpg,512,512,95,84,425,436,1
ISIC_0000164,ISIC_0000164.jpg,512,512,125,76,454,508,1
ISIC_0000165,ISIC_0000165.jpg,512,512,231,73,432,315,1
ISIC_0000166,ISIC_0000166.jpg,512,512,64,2,438,477,1
ISIC_0000167,ISIC_0000167.jpg,512,512,124,5,369,412,1
ISIC_0000169,ISIC_0000169.jpg,512,512,90,58,424,440,1
ISIC_0000170,ISIC_0000170.jpg,512,512,107,65,505,406,1
ISIC_0000171,ISIC_0000171.jpg,512,512,62,50,436,483,1
ISIC_0000172,ISIC_0000172.jpg,512,512,124,42,421,496,1
ISIC_0000173,ISIC_0000173.jpg,512,512,46,62,436,401,1
ISIC_0000175,ISIC_0000175.jpg,512,512,127,78,354,452,1
ISIC_0000176,ISIC_0000176.jpg,512,512,101,104,413,310,1
ISIC_0000177,ISIC_0000177.jpg,512,512,142,93,342,317,1
ISIC_0000179,ISIC_0000179.jpg,512,512,88,58,483,475,1
ISIC_0000181,ISIC_0000181.jpg,512,512,232,40,429,419,1
ISIC_0000182,ISIC_0000182.jpg,512,512,136,83,394,437,1
ISIC_0000183,ISIC_0000183.jpg,512,512,81,28,406,512,1
ISIC_0000184,ISIC_0000184.jpg,512,512,98,53,456,455,1
ISIC_0000185,ISIC_0000185.jpg,512,512,106,100,355,499,1
ISIC_0000186,ISIC_0000186.jpg,512,512,184,115,345,329,1
ISIC_0000187,ISIC_0000187.jpg,512,512,47,3,510,512,1
ISIC_0000188,ISIC_0000188.jpg,512,512,96,1,489,512,1
ISIC_0000189,ISIC_0000189.jpg,512,512,123,71,434,512,1
ISIC_0000190,ISIC_0000190.jpg,512,512,29,9,455,512,1
ISIC_0000191,ISIC_0000191.jpg,512,512,176,140,389,348,1
ISIC_0000192,ISIC_0000192.jpg,512,512,10,34,446,444,1
ISIC_0000193,ISIC_0000193.jpg,512,512,71,103,401,414,1
ISIC_0000196,ISIC_0000196.jpg,512,512,120,82,407,508,1
ISIC_0000197,ISIC_0000197.jpg,512,512,170,69,430,512,1
ISIC_0000198,ISIC_0000198.jpg,512,512,144,86,383,393,1
ISIC_0000199,ISIC_0000199.jpg,512,512,93,86,410,441,1
ISIC_0000200,ISIC_0000200.jpg,512,512,119,44,393,382,1
ISIC_0000201,ISIC_0000201.jpg,512,512,156,129,383,391,1
ISIC_0000202,ISIC_0000202.jpg,512,512,0,6,511,512,1
ISIC_0000203,ISIC_0000203.jpg,512,512,0,0,512,512,1
ISIC_0000204,ISIC_0000204.jpg,512,512,74,0,426,511,1
ISIC_0000205,ISIC_0000205.jpg,512,512,34,1,493,492,1
ISIC_0000206,ISIC_0000206.jpg,512,512,121,132,380,427,1
ISIC_0000207,ISIC_0000207.jpg,512,512,2,1,511,511,1
ISIC_0000208,ISIC_0000208.jpg,512,512,85,2,512,512,1
ISIC_0000209,ISIC_0000209.jpg,512,512,37,3,456,499,1
ISIC_0000210,ISIC_0000210.jpg,512,512,181,171,345,351,1
ISIC_0000211,ISIC_0000211.jpg,512,512,154,121,347,368,1
ISIC_0000212,ISIC_0000212.jpg,512,512,15,15,512,496,1
ISIC_0000213,ISIC_0000213.jpg,512,512,45,91,448,449,1
ISIC_0000214,ISIC_0000214.jpg,512,512,113,92,494,394,1
ISIC_0000215,ISIC_0000215.jpg,512,512,1,2,482,512,1
ISIC_0000216,ISIC_0000216.jpg,512,512,108,47,468,508,1
ISIC_0000217,ISIC_0000217.jpg,512,512,33,2,445,465,1
ISIC_0000218,ISIC_0000218.jpg,512,512,90,116,385,388,1
ISIC_0000219,ISIC_0000219.jpg,512,512,78,6,412,416,1
ISIC_0000220,ISIC_0000220.jpg,512,512,123,171,326,394,1
ISIC_0000221,ISIC_0000221.jpg,512,512,187,117,398,375,1
ISIC_0000222,ISIC_0000222.jpg,512,512,56,0,451,492,1
ISIC_0000223,ISIC_0000223.jpg,512,512,5,63,511,466,1
ISIC_0000224,ISIC_0000224.jpg,512,512,70,2,443,512,1
ISIC_0000225,ISIC_0000225.jpg,512,512,138,178,307,404,1
ISIC_0000226,ISIC_0000226.jpg,512,512,67,29,426,474,1
ISIC_0000227,ISIC_0000227.jpg,512,512,174,142,406,408,1
ISIC_0000228,ISIC_0000228.jpg,512,512,46,77,416,472,1
ISIC_0000229,ISIC_0000229.jpg,512,512,26,41,464,451,1
ISIC_0000230,ISIC_0000230.jpg,512,512,14,29,480,512,1
ISIC_0000231,ISIC_0000231.jpg,512,512,155,17,422,441,1
ISIC_0000232,ISIC_0000232.jpg,512,512,142,82,347,392,1
ISIC_0000233,ISIC_0000233.jpg,512,512,1,33,505,511,1
ISIC_0000234,ISIC_0000234.jpg,512,512,43,11,392,447,1
ISIC_0000235,ISIC_0000235.jpg,512,512,41,13,459,512,1
ISIC_0000236,ISIC_0000236.jpg,512,512,17,20,432,456,1
ISIC_0000239,ISIC_0000239.jpg,512,512,85,73,447,460,1
ISIC_0000240,ISIC_0000240.jpg,512,512,153,116,378,389,1
ISIC_0000242,ISIC_0000242.jpg,512,512,40,70,484,413,1
ISIC_0000243,ISIC_0000243.jpg,512,512,30,65,440,459,1
ISIC_0000244,ISIC_0000244.jpg,512,512,80,26,347,444,1
ISIC_0000245,ISIC_0000245.jpg,512,512,57,56,452,468,1
ISIC_0000246,ISIC_0000246.jpg,512,512,48,0,445,490,1
ISIC_0000247,ISIC_0000247.jpg,512,512,177,113,340,360,1
ISIC_0000249,ISIC_0000249.jpg,512,512,132,176,386,413,1
ISIC_0000250,ISIC_0000250.jpg,512,512,79,72,435,395,1
ISIC_0000251,ISIC_0000251.jpg,512,512,167,164,363,366,1
ISIC_0000252,ISIC_0000252.jpg,512,512,100,107,402,382,1
ISIC_0000253,ISIC_0000253.jpg,512,512,142,138,346,318,1
ISIC_0000254,ISIC_0000254.jpg,512,512,123,110,370,380,1
ISIC_0000255,ISIC_0000255.jpg,512,512,96,120,382,375,1
ISIC_0000256,ISIC_0000256.jpg,512,512,193,144,322,353,1
ISIC_0000258,ISIC_0000258.jpg,512,512,17,100,448,512,1
ISIC_0000259,ISIC_0000259.jpg,512,512,0,2,512,512,1
ISIC_0000260,ISIC_0000260.jpg,512,512,124,101,350,372,1
ISIC_0000261,ISIC_0000261.jpg,512,512,184,150,335,348,1
ISIC_0000262,ISIC_0000262.jpg,512,512,179,188,374,324,1
ISIC_0000263,ISIC_0000263.jpg,512,512,102,102,350,436,1
ISIC_0000264,ISIC_0000264.jpg,512,512,38,37,470,433,1
ISIC_0000265,ISIC_0000265.jpg,512,512,166,70,408,447,1
ISIC_0000268,ISIC_0000268.jpg,512,512,32,104,509,500,1
ISIC_0000269,ISIC_0000269.jpg,512,512,89,138,384,380,1
ISIC_0000271,ISIC_0000271.jpg,512,512,114,148,371,419,1
ISIC_0000274,ISIC_0000274.jpg,512,512,65,114,433,424,1
ISIC_0000275,ISIC_0000275.jpg,512,512,217,148,341,410,1
ISIC_0000276,ISIC_0000276.jpg,512,512,94,4,401,490,1
ISIC_0000277,ISIC_0000277.jpg,512,512,58,52,420,469,1
ISIC_0000278,ISIC_0000278.jpg,512,512,17,7,428,454,1
ISIC_0000279,ISIC_0000279.jpg,512,512,16,0,458,500,1
ISIC_0000281,ISIC_0000281.jpg,512,512,118,130,432,450,1
ISIC_0000282,ISIC_0000282.jpg,512,512,50,0,404,464,1
ISIC_0000283,ISIC_0000283.jpg,512,512,134,118,370,382,1
ISIC_0000287,ISIC_0000287.jpg,512,512,78,90,451,427,1
ISIC_0000288,ISIC_0000288.jpg,512,512,0,1,510,512,1
ISIC_0000290,ISIC_0000290.jpg,512,512,82,74,434,397,1
ISIC_0000292,ISIC_0000292.jpg,512,512,10,2,435,510,1
ISIC_0000293,ISIC_0000293.jpg,512,512,30,1,512,512,1
ISIC_0000294,ISIC_0000294.jpg,512,512,3,8,511,482,1
ISIC_0000295,ISIC_0000295.jpg,512,512,41,2,494,512,1
ISIC_0000297,ISIC_0000297.jpg,512,512,169,80,342,298,1
ISIC_0000298,ISIC_0000298.jpg,512,512,146,211,350,434,1
ISIC_0000299,ISIC_0000299.jpg,512,512,15,8,466,470,1
ISIC_0000300,ISIC_0000300.jpg,512,512,38,4,382,510,1
ISIC_0000301,ISIC_0000301.jpg,512,512,2,1,512,512,1
ISIC_0000303,ISIC_0000303.jpg,512,512,0,1,512,512,1
ISIC_0000306,ISIC_0000306.jpg,512,512,137,120,346,394,1
ISIC_0000307,ISIC_0000307.jpg,512,512,0,1,472,508,1
ISIC_0000310,ISIC_0000310.jpg,512,512,17,2,468,509,1
ISIC_0000311,ISIC_0000311.jpg,512,512,18,9,508,508,1
ISIC_0000313,ISIC_0000313.jpg,512,512,149,118,437,408,1
ISIC_0000314,ISIC_0000314.jpg,512,512,97,41,414,426,1
ISIC_0000315,ISIC_0000315.jpg,512,512,121,70,347,367,1
ISIC_0000316,ISIC_0000316.jpg,512,512,101,35,420,482,1
ISIC_0000317,ISIC_0000317.jpg,512,512,165,144,245,295,1
ISIC_0000319,ISIC_0000319.jpg,512,512,135,121,358,357,1
ISIC_0000320,ISIC_0000320.jpg,512,512,105,57,405,468,1
ISIC_0000321,ISIC_0000321.jpg,512,512,81,3,453,404,1
ISIC_0000322,ISIC_0000322.jpg,512,512,52,76,395,353,1
ISIC_0000323,ISIC_0000323.jpg,512,512,160,107,315,308,1
ISIC_0000324,ISIC_0000324.jpg,512,512,108,32,402,455,1
ISIC_0000325,ISIC_0000325.jpg,512,512,89,56,378,400,1
ISIC_0000326,ISIC_0000326.jpg,512,512,147,128,347,430,1
ISIC_0000327,ISIC_0000327.jpg,512,512,133,87,362,357,1
ISIC_0000328,ISIC_0000328.jpg,512,512,83,15,428,467,1
ISIC_0000329,ISIC_0000329.jpg,512,512,141,100,324,379,1
ISIC_0000330,ISIC_0000330.jpg,512,512,147,61,399,312,1
ISIC_0000331,ISIC_0000331.jpg,512,512,81,120,369,476,1
ISIC_0000332,ISIC_0000332.jpg,512,512,137,64,336,321,1
ISIC_0000336,ISIC_0000336.jpg,512,512,127,91,329,359,1
ISIC_0000337,ISIC_0000337.jpg,512,512,71,6,451,487,1
ISIC_0000338,ISIC_0000338.jpg,512,512,138,129,332,437,1
ISIC_0000339,ISIC_0000339.jpg,512,512,152,66,356,295,1
ISIC_0000340,ISIC_0000340.jpg,512,512,160,140,342,447,1
ISIC_0000341,ISIC_0000341.jpg,512,512,130,39,389,401,1
ISIC_0000342,ISIC_0000342.jpg,512,512,105,112,347,389,1
ISIC_0000343,ISIC_0000343.jpg,512,512,23,68,365,481,1
ISIC_0000344,ISIC_0000344.jpg,512,512,59,42,417,488,1
ISIC_0000345,ISIC_0000345.jpg,512,512,183,164,292,314,1
ISIC_0000346,ISIC_0000346.jpg,512,512,129,112,377,452,1
ISIC_0000348,ISIC_0000348.jpg,512,512,137,105,394,417,1
ISIC_0000349,ISIC_0000349.jpg,512,512,139,108,323,353,1
ISIC_0000350,ISIC_0000350.jpg,512,512,55,148,378,389,1
ISIC_0000351,ISIC_0000351.jpg,512,512,137,171,383,351,1
ISIC_0000352,ISIC_0000352.jpg,512,512,173,147,338,379,1
ISIC_0000353,ISIC_0000353.jpg,512,512,105,115,380,442,1
ISIC_0000354,ISIC_0000354.jpg,512,512,99,0,417,459,1
ISIC_0000355,ISIC_0000355.jpg,512,512,69,45,363,506,1
ISIC_0000357,ISIC_0000357.jpg,512,512,181,151,350,353,1
ISIC_0000358,ISIC_0000358.jpg,512,512,158,64,357,353,1
ISIC_0000359,ISIC_0000359.jpg,512,512,31,1,477,509,1
ISIC_0000360,ISIC_0000360.jpg,512,512,182,199,319,399,1
ISIC_0000361,ISIC_0000361.jpg,512,512,107,48,416,459,1
ISIC_0000363,ISIC_0000363.jpg,512,512,125,132,423,429,1
ISIC_0000364,ISIC_0000364.jpg,512,512,54,10,424,503,1
ISIC_0000365,ISIC_0000365.jpg,512,512,137,145,338,399,1
ISIC_0000366,ISIC_0000366.jpg,512,512,143,112,286,335,1
ISIC_0000367,ISIC_0000367.jpg,512,512,97,80,427,447,1
ISIC_0000368,ISIC_0000368.jpg,512,512,115,1,498,511,1
ISIC_0000370,ISIC_0000370.jpg,512,512,98,72,414,454,1
ISIC_0000372,ISIC_0000372.jpg,512,512,27,110,359,407,1
ISIC_0000374,ISIC_0000374.jpg,512,512,139,91,336,386,1
ISIC_0000376,ISIC_0000376.jpg,512,512,127,32,362,415,1
ISIC_0000377,ISIC_0000377.jpg,512,512,112,127,347,440,1
ISIC_0000378,ISIC_0000378.jpg,512,512,105,2,418,402,1
ISIC_0000379,ISIC_0000379.jpg,512,512,87,74,455,495,1
ISIC_0000380,ISIC_0000380.jpg,512,512,35,128,475,488,1
ISIC_0000381,ISIC_0000381.jpg,512,512,34,108,407,501,1
ISIC_0000382,ISIC_0000382.jpg,512,512,71,118,387,467,1
ISIC_0000383,ISIC_0000383.jpg,512,512,110,103,431,436,1
ISIC_0000384,ISIC_0000384.jpg,512,512,154,217,310,387,1
ISIC_0000385,ISIC_0000385.jpg,512,512,138,110,372,418,1
ISIC_0000386,ISIC_0000386.jpg,512,512,149,156,357,448,1
ISIC_0000387,ISIC_0000387.jpg,512,512,123,142,288,412,1
ISIC_0000388,ISIC_0000388.jpg,512,512,175,158,323,382,1
ISIC_0000390,ISIC_0000390.jpg,512,512,78,130,512,484,1
ISIC_0000391,ISIC_0000391.jpg,512,512,84,58,403,478,1
ISIC_0000392,ISIC_0000392.jpg,512,512,88,97,391,407,1
ISIC_0000393,ISIC_0000393.jpg,512,512,46,6,438,508,1
ISIC_0000395,ISIC_0000395.jpg,512,512,34,56,363,509,1
ISIC_0000396,ISIC_0000396.jpg,512,512,119,99,421,449,1
ISIC_0000397,ISIC_0000397.jpg,512,512,114,72,366,440,1
ISIC_0000403,ISIC_0000403.jpg,512,512,166,121,334,433,1
ISIC_0000407,ISIC_0000407.jpg,512,512,58,112,442,438,1
ISIC_0000408,ISIC_0000408.jpg,512,512,1,25,512,464,1
ISIC_0000409,ISIC_0000409.jpg,512,512,159,150,325,353,1
ISIC_0000410,ISIC_0000410.jpg,512,512,110,1,369,355,1
ISIC_0000412,ISIC_0000412.jpg,512,512,96,50,481,509,1
ISIC_0000413,ISIC_0000413.jpg,512,512,39,85,499,489,1
ISIC_0000415,ISIC_0000415.jpg,512,512,17,1,496,512,1
ISIC_0000416,ISIC_0000416.jpg,512,512,139,93,312,402,1
ISIC_0000418,ISIC_0000418.jpg,512,512,92,112,428,400,1
ISIC_0000419,ISIC_0000419.jpg,512,512,98,32,431,493,1
ISIC_0000420,ISIC_0000420.jpg,512,512,71,124,421,389,1
ISIC_0000421,ISIC_0000421.jpg,512,512,118,98,362,427,1
ISIC_0000423,ISIC_0000423.jpg,512,512,77,91,401,440,1
ISIC_0000425,ISIC_0000425.jpg,512,512,76,11,431,490,1
ISIC_0000426,ISIC_0000426.jpg,512,512,25,2,512,483,1
ISIC_0000427,ISIC_0000427.jpg,512,512,101,54,368,461,1
ISIC_0000431,ISIC_0000431.jpg,512,512,189,91,350,372,1
ISIC_0000433,ISIC_0000433.jpg,512,512,1,1,469,472,1
ISIC_0000434,ISIC_0000434.jpg,512,512,91,15,406,377,1
ISIC_0000436,ISIC_0000436.jpg,512,512,33,7,402,502,1
ISIC_0000439,ISIC_0000439.jpg,512,512,161,138,310,321,1
ISIC_0000442,ISIC_0000442.jpg,512,512,140,102,387,409,1
ISIC_0000443,ISIC_0000443.jpg,512,512,185,121,346,338,1
ISIC_0000444,ISIC_0000444.jpg,512,512,145,99,355,339,1
ISIC_0000447,ISIC_0000447.jpg,512,512,164,204,332,387,1
ISIC_0000448,ISIC_0000448.jpg,512,512,152,100,382,439,1
ISIC_0000449,ISIC_0000449.jpg,512,512,232,168,329,304,1
ISIC_0000451,ISIC_0000451.jpg,512,512,132,164,355,437,1
ISIC_0000453,ISIC_0000453.jpg,512,512,152,85,398,472,1
ISIC_0000455,ISIC_0000455.jpg,512,512,59,118,415,429,1
ISIC_0000456,ISIC_0000456.jpg,512,512,91,58,379,416,1
ISIC_0000457,ISIC_0000457.jpg,512,512,123,12,417,445,1
ISIC_0000458,ISIC_0000458.jpg,512,512,121,103,389,437,1
ISIC_0000460,ISIC_0000460.jpg,512,512,86,127,387,367,1
ISIC_0000461,ISIC_0000461.jpg,512,512,68,124,473,440,1
ISIC_0000463,ISIC_0000463.jpg,512,512,128,26,373,405,1
ISIC_0000465,ISIC_0000465.jpg,512,512,154,112,351,415,1
ISIC_0000466,ISIC_0000466.jpg,512,512,110,23,414,484,1
ISIC_0000469,ISIC_0000469.jpg,512,512,120,40,418,419,1
ISIC_0000470,ISIC_0000470.jpg,512,512,105,112,383,391,1
ISIC_0000471,ISIC_0000471.jpg,512,512,163,121,357,406,1
ISIC_0000473,ISIC_0000473.jpg,512,512,164,107,363,417,1
ISIC_0000474,ISIC_0000474.jpg,512,512,31,50,491,495,1
ISIC_0000476,ISIC_0000476.jpg,512,512,22,15,501,511,1
ISIC_0000477,ISIC_0000477.jpg,512,512,122,63,417,489,1
ISIC_0000479,ISIC_0000479.jpg,512,512,16,0,475,493,1
ISIC_0000480,ISIC_0000480.jpg,512,512,110,72,346,408,1
ISIC_0000481,ISIC_0000481.jpg,512,512,2,6,512,512,1
ISIC_0000482,ISIC_0000482.jpg,512,512,70,145,437,384,1
ISIC_0000483,ISIC_0000483.jpg,512,512,81,74,431,405,1
ISIC_0000484,ISIC_0000484.jpg,512,512,36,44,512,424,1
ISIC_0000485,ISIC_0000485.jpg,512,512,0,0,511,511,1
ISIC_0000486,ISIC_0000486.jpg,512,512,131,107,359,419,1
ISIC_0000487,ISIC_0000487.jpg,512,512,17,75,419,467,1
ISIC_0000488,ISIC_0000488.jpg,512,512,110,142,421,348,1
ISIC_0000489,ISIC_0000489.jpg,512,512,112,0,390,425,1
ISIC_0000490,ISIC_0000490.jpg,512,512,110,92,419,414,1
ISIC_0000491,ISIC_0000491.jpg,512,512,57,15,450,507,1
ISIC_0000492,ISIC_0000492.jpg,512,512,153,99,351,403,1
ISIC_0000493,ISIC_0000493.jpg,512,512,80,50,470,477,1
ISIC_0000494,ISIC_0000494.jpg,512,512,149,125,355,378,1
ISIC_0000495,ISIC_0000495.jpg,512,512,147,101,371,433,1
ISIC_0000496,ISIC_0000496.jpg,512,512,137,35,336,473,1
ISIC_0000498,ISIC_0000498.jpg,512,512,75,115,456,408,1
ISIC_0000499,ISIC_0000499.jpg,512,512,145,113,396,369,1
ISIC_0000500,ISIC_0000500.jpg,512,512,85,165,422,389,1
ISIC_0000501,ISIC_0000501.jpg,512,512,137,112,373,396,1
ISIC_0000503,ISIC_0000503.jpg,512,512,99,102,412,395,1
ISIC_0000504,ISIC_0000504.jpg,512,512,172,95,345,347,1
ISIC_0000505,ISIC_0000505.jpg,512,512,163,82,359,449,1
ISIC_0000506,ISIC_0000506.jpg,512,512,180,159,340,376,1
ISIC_0000507,ISIC_0000507.jpg,512,512,83,38,369,388,1
ISIC_0000508,ISIC_0000508.jpg,512,512,120,75,377,384,1
ISIC_0000509,ISIC_0000509.jpg,512,512,135,33,382,490,1
ISIC_0000510,ISIC_0000510.jpg,512,512,104,87,413,423,1
ISIC_0000511,ISIC_0000511.jpg,512,512,44,11,490,502,1
ISIC_0000513,ISIC_0000513.jpg,512,512,86,107,395,408,1
ISIC_0000514,ISIC_0000514.jpg,512,512,164,105,349,396,1
ISIC_0000515,ISIC_0000515.jpg,512,512,75,59,434,495,1
ISIC_0000517,ISIC_0000517.jpg,512,512,2,0,511,512,1
ISIC_0000518,ISIC_0000518.jpg,512,512,140,77,378,392,1
ISIC_0000519,ISIC_0000519.jpg,512,512,115,5,442,508,1
ISIC_0000520,ISIC_0000520.jpg,512,512,136,200,371,436,1
ISIC_0000521,ISIC_0000521.jpg,512,512,3,85,504,454,1
ISIC_0000522,ISIC_0000522.jpg,512,512,111,25,393,461,1
ISIC_0000523,ISIC_0000523.jpg,512,512,129,105,392,401,1
ISIC_0000524,ISIC_0000524.jpg,512,512,90,75,437,427,1
ISIC_0000525,ISIC_0000525.jpg,512,512,96,65,435,453,1
ISIC_0000527,ISIC_0000527.jpg,512,512,133,57,383,436,1
ISIC_0000528,ISIC_0000528.jpg,512,512,149,116,387,377,1
ISIC_0000529,ISIC_0000529.jpg,512,512,65,44,454,441,1
ISIC_0000530,ISIC_0000530.jpg,512,512,102,87,365,421,1
ISIC_0000531,ISIC_0000531.jpg,512,512,133,82,387,401,1
ISIC_0000532,ISIC_0000532.jpg,512,512,90,124,407,419,1
ISIC_0000533,ISIC_0000533.jpg,512,512,168,4,452,500,1
ISIC_0000534,ISIC_0000534.jpg,512,512,58,35,439,476,1
ISIC_0000535,ISIC_0000535.jpg,512,512,125,47,351,419,1
ISIC_0000536,ISIC_0000536.jpg,512,512,156,170,313,340,1
ISIC_0000537,ISIC_0000537.jpg,512,512,109,20,442,500,1
ISIC_0000538,ISIC_0000538.jpg,512,512,147,97,371,397,1
ISIC_0000539,ISIC_0000539.jpg,512,512,17,0,478,503,1
ISIC_0000540,ISIC_0000540.jpg,512,512,45,28,476,493,1
ISIC_0000541,ISIC_0000541.jpg,512,512,68,107,424,419,1
ISIC_0000542,ISIC_0000542.jpg,512,512,0,105,503,409,1
ISIC_0000543,ISIC_0000543.jpg,512,512,109,31,383,407,1
ISIC_0000544,ISIC_0000544.jpg,512,512,100,104,382,453,1
ISIC_0000545,ISIC_0000545.jpg,512,512,109,9,386,496,1
ISIC_0000546,ISIC_0000546.jpg,512,512,89,50,426,446,1
ISIC_0000547,ISIC_0000547.jpg,512,512,12,54,493,457,1
ISIC_0000548,ISIC_0000548.jpg,512,512,99,59,435,360,1
ISIC_0000549,ISIC_0000549.jpg,512,512,60,1,483,510,1
ISIC_0000550,ISIC_0000550.jpg,512,512,60,78,495,445,1
ISIC_0000552,ISIC_0000552.jpg,512,512,32,35,463,511,1
ISIC_0000554,ISIC_0000554.jpg,512,512,89,33,421,457,1
ISIC_0000555,ISIC_0000555.jpg,512,512,131,111,379,441,1
ISIC_0000556,ISIC_0000556.jpg,512,512,55,18,442,511,1
ISIC_0000882,ISIC_0000882.jpg,512,512,24,49,200,222,1
ISIC_0000900,ISIC_0000900.jpg,512,512,165,83,316,240,1
ISIC_0000999,ISIC_0000999.jpg,512,512,347,61,489,322,1
ISIC_0001100,ISIC_0001100.jpg,512,512,83,171,317,396,1
ISIC_0001102,ISIC_0001102.jpg,512,512,29,38,468,463,1
ISIC_0001103,ISIC_0001103.jpg,512,512,122,76,370,431,1
ISIC_0001105,ISIC_0001105.jpg,512,512,161,133,382,373,1
ISIC_0001106,ISIC_0001106.jpg,512,512,76,96,368,412,1
ISIC_0001118,ISIC_0001118.jpg,512,512,21,9,509,485,1
ISIC_0001119,ISIC_0001119.jpg,512,512,216,150,314,340,1
ISIC_0001126,ISIC_0001126.jpg,512,512,124,116,348,472,1
ISIC_0001128,ISIC_0001128.jpg,512,512,154,122,418,364,1
ISIC_0001131,ISIC_0001131.jpg,512,512,76,0,414,444,1
ISIC_0001133,ISIC_0001133.jpg,512,512,131,120,404,424,1
ISIC_0001134,ISIC_0001134.jpg,512,512,173,164,353,346,1
ISIC_0001140,ISIC_0001140.jpg,512,512,127,66,443,417,1
ISIC_0001142,ISIC_0001142.jpg,512,512,46,1,410,509,1
ISIC_0001148,ISIC_0001148.jpg,512,512,90,73,392,504,1
ISIC_0001152,ISIC_0001152.jpg,512,512,1,30,512,484,1
ISIC_0001163,ISIC_0001163.jpg,512,512,150,151,312,388,1
ISIC_0001181,ISIC_0001181.jpg,512,512,177,139,269,299,1
ISIC_0001184,ISIC_0001184.jpg,512,512,142,223,239,400,1
ISIC_0001185,ISIC_0001185.jpg,512,512,155,147,245,308,1
ISIC_0001186,ISIC_0001186.jpg,512,512,118,210,200,356,1
ISIC_0001188,ISIC_0001188.jpg,512,512,138,119,228,264,1
ISIC_0001190,ISIC_0001190.jpg,512,512,201,204,285,328,1
ISIC_0001191,ISIC_0001191.jpg,512,512,188,171,272,302,1
ISIC_0001204,ISIC_0001204.jpg,512,512,171,131,287,411,1
ISIC_0001212,ISIC_0001212.jpg,512,512,94,119,240,374,1
ISIC_0001213,ISIC_0001213.jpg,512,512,101,210,201,379,1
ISIC_0001216,ISIC_0001216.jpg,512,512,111,206,212,318,1
ISIC_0001242,ISIC_0001242.jpg,512,512,202,168,313,279,1
ISIC_0001247,ISIC_0001247.jpg,512,512,277,159,418,309,1
ISIC_0001254,ISIC_0001254.jpg,512,512,119,132,232,349,1
ISIC_0001262,ISIC_0001262.jpg,512,512,198,239,308,391,1
ISIC_0001267,ISIC_0001267.jpg,512,512,148,108,278,294,1
ISIC_0001275,ISIC_0001275.jpg,512,512,178,83,292,272,1
ISIC_0001286,ISIC_0001286.jpg,512,512,137,112,262,326,1
ISIC_0001292,ISIC_0001292.jpg,512,512,133,93,237,340,1
ISIC_0001296,ISIC_0001296.jpg,512,512,261,181,430,312,1
ISIC_0001299,ISIC_0001299.jpg,512,512,221,24,314,296,1
ISIC_0001306,ISIC_0001306.jpg,512,512,154,103,247,228,1
ISIC_0001367,ISIC_0001367.jpg,512,512,179,33,305,230,1
ISIC_0001372,ISIC_0001372.jpg,512,512,109,179,242,355,1
ISIC_0001374,ISIC_0001374.jpg,512,512,104,194,233,423,1
ISIC_0001385,ISIC_0001385.jpg,512,512,147,100,293,288,1
ISIC_0001423,ISIC_0001423.jpg,512,512,124,46,270,245,1
ISIC_0001427,ISIC_0001427.jpg,512,512,155,91,287,291,1
ISIC_0001442,ISIC_0001442.jpg,512,512,151,129,301,315,1
ISIC_0001449,ISIC_0001449.jpg,512,512,169,95,293,270,1
ISIC_0001769,ISIC_0001769.jpg,512,512,231,162,348,294,1
ISIC_0001852,ISIC_0001852.jpg,512,512,219,206,303,296,1
ISIC_0001871,ISIC_0001871.jpg,512,512,187,163,285,288,1
ISIC_0001960,ISIC_0001960.jpg,512,512,141,242,282,399,1
ISIC_0002093,ISIC_0002093.jpg,512,512,82,38,247,512,1
ISIC_0002107,ISIC_0002107.jpg,512,512,72,184,233,469,1
ISIC_0002206,ISIC_0002206.jpg,512,512,126,88,236,242,1
ISIC_0002246,ISIC_0002246.jpg,512,512,264,173,416,330,1
ISIC_0002251,ISIC_0002251.jpg,512,512,259,251,446,453,1
ISIC_0002287,ISIC_0002287.jpg,512,512,149,121,281,455,1
ISIC_0002353,ISIC_0002353.jpg,512,512,65,181,202,372,1
ISIC_0002374,ISIC_0002374.jpg,512,512,153,134,258,347,1
ISIC_0002438,ISIC_0002438.jpg,512,512,198,142,354,349,1
ISIC_0002439,ISIC_0002439.jpg,512,512,135,23,284,280,1
ISIC_0002453,ISIC_0002453.jpg,512,512,234,38,346,252,1
ISIC_0002459,ISIC_0002459.jpg,512,512,178,12,315,229,1
ISIC_0002469,ISIC_0002469.jpg,512,512,134,159,285,408,1
ISIC_0002476,ISIC_0002476.jpg,512,512,248,204,349,438,1
ISIC_0002488,ISIC_0002488.jpg,512,512,32,209,170,362,1
ISIC_0002489,ISIC_0002489.jpg,512,512,129,65,299,249,1
ISIC_0002616,ISIC_0002616.jpg,512,512,149,228,240,344,1
ISIC_0002647,ISIC_0002647.jpg,512,512,160,154,288,277,1
ISIC_0002673,ISIC_0002673.jpg,512,512,105,185,227,381,1
ISIC_0002780,ISIC_0002780.jpg,512,512,125,235,235,413,1
ISIC_0002806,ISIC_0002806.jpg,512,512,136,150,323,422,1
ISIC_0002829,ISIC_0002829.jpg,512,512,137,279,267,502,1
ISIC_0002836,ISIC_0002836.jpg,512,512,52,201,186,448,1
ISIC_0002871,ISIC_0002871.jpg,512,512,221,166,306,325,1
ISIC_0002879,ISIC_0002879.jpg,512,512,58,168,214,351,1
ISIC_0002885,ISIC_0002885.jpg,512,512,93,190,229,380,1
ISIC_0002948,ISIC_0002948.jpg,512,512,212,170,315,376,1
ISIC_0002975,ISIC_0002975.jpg,512,512,116,182,208,343,1
ISIC_0002976,ISIC_0002976.jpg,512,512,166,153,251,320,1
ISIC_0003005,ISIC_0003005.jpg,512,512,18,132,205,300,1
ISIC_0003056,ISIC_0003056.jpg,512,512,203,95,276,263,1
ISIC_0003174,ISIC_0003174.jpg,512,512,196,231,306,369,1
ISIC_0003308,ISIC_0003308.jpg,512,512,177,198,355,394,1
ISIC_0003346,ISIC_0003346.jpg,512,512,179,231,270,358,1
ISIC_0003462,ISIC_0003462.jpg,512,512,189,176,281,273,1
ISIC_0003539,ISIC_0003539.jpg,512,512,180,32,294,217,1
ISIC_0003559,ISIC_0003559.jpg,512,512,196,239,312,398,1
ISIC_0003582,ISIC_0003582.jpg,512,512,91,122,323,383,1
ISIC_0003657,ISIC_0003657.jpg,512,512,94,174,224,320,1
ISIC_0003728,ISIC_0003728.jpg,512,512,271,168,393,348,1
ISIC_0003805,ISIC_0003805.jpg,512,512,182,109,250,230,1
ISIC_0004110,ISIC_0004110.jpg,512,512,136,95,284,412,1
ISIC_0004115,ISIC_0004115.jpg,512,512,91,89,243,309,1
ISIC_0004168,ISIC_0004168.jpg,512,512,179,171,253,314,1
ISIC_0004309,ISIC_0004309.jpg,512,512,149,185,271,280,1
ISIC_0004337,ISIC_0004337.jpg,512,512,179,176,271,292,1
ISIC_0004346,ISIC_0004346.jpg,512,512,249,182,350,310,1
ISIC_0004715,ISIC_0004715.jpg,512,512,180,78,319,267,1
ISIC_0004985,ISIC_0004985.jpg,512,512,185,181,278,385,1
ISIC_0005000,ISIC_0005000.jpg,512,512,135,112,217,267,1
ISIC_0005187,ISIC_0005187.jpg,512,512,229,139,376,319,1
ISIC_0005247,ISIC_0005247.jpg,512,512,147,77,301,314,1
ISIC_0005548,ISIC_0005548.jpg,512,512,271,137,443,402,1
ISIC_0005555,ISIC_0005555.jpg,512,512,123,127,236,373,1
ISIC_0005620,ISIC_0005620.jpg,512,512,116,122,240,303,1
ISIC_0005639,ISIC_0005639.jpg,512,512,84,8,270,351,1
ISIC_0005666,ISIC_0005666.jpg,512,512,86,133,210,370,1
ISIC_0005787,ISIC_0005787.jpg,512,512,25,171,201,362,1
ISIC_0006021,ISIC_0006021.jpg,512,512,197,167,359,327,1
ISIC_0006114,ISIC_0006114.jpg,512,512,123,206,258,382,1
ISIC_0006193,ISIC_0006193.jpg,512,512,191,130,325,290,1
ISIC_0006350,ISIC_0006350.jpg,512,512,146,98,300,401,1
ISIC_0006612,ISIC_0006612.jpg,512,512,179,116,304,277,1
ISIC_0006651,ISIC_0006651.jpg,512,512,78,171,195,328,1
ISIC_0006671,ISIC_0006671.jpg,512,512,183,282,268,395,1
ISIC_0006711,ISIC_0006711.jpg,512,512,154,155,241,297,1
ISIC_0006776,ISIC_0006776.jpg,512,512,166,163,284,348,1
ISIC_0006795,ISIC_0006795.jpg,512,512,183,165,290,350,1
ISIC_0006800,ISIC_0006800.jpg,512,512,179,149,337,335,1
ISIC_0006815,ISIC_0006815.jpg,512,512,221,158,270,231,1
ISIC_0006914,ISIC_0006914.jpg,512,512,129,132,336,313,1
ISIC_0006940,ISIC_0006940.jpg,512,512,238,223,383,372,1
ISIC_0006982,ISIC_0006982.jpg,512,512,67,126,325,399,1
ISIC_0007038,ISIC_0007038.jpg,512,512,210,192,326,292,1
ISIC_0007087,ISIC_0007087.jpg,512,512,124,70,284,369,1
ISIC_0007141,ISIC_0007141.jpg,512,512,234,132,448,390,1
ISIC_0007156,ISIC_0007156.jpg,512,512,138,172,263,339,1
ISIC_0007241,ISIC_0007241.jpg,512,512,163,126,275,299,1
ISIC_0007322,ISIC_0007322.jpg,512,512,142,137,275,329,1
ISIC_0007332,ISIC_0007332.jpg,512,512,120,174,282,355,1
ISIC_0007344,ISIC_0007344.jpg,512,512,41,259,222,444,1
ISIC_0007475,ISIC_0007475.jpg,512,512,117,117,339,312,1
ISIC_0007528,ISIC_0007528.jpg,512,512,194,165,273,291,1
ISIC_0007557,ISIC_0007557.jpg,512,512,180,136,342,438,1
ISIC_0007693,ISIC_0007693.jpg,512,512,210,145,320,356,1
ISIC_0007760,ISIC_0007760.jpg,512,512,70,137,204,332,1
ISIC_0007788,ISIC_0007788.jpg,512,512,136,204,272,450,1
ISIC_0007796,ISIC_0007796.jpg,512,512,166,147,274,288,1
ISIC_0008029,ISIC_0008029.jpg,512,512,126,152,249,320,1
ISIC_0008116,ISIC_0008116.jpg,512,512,115,147,222,356,1
ISIC_0008145,ISIC_0008145.jpg,512,512,253,114,323,278,1
ISIC_0008207,ISIC_0008207.jpg,512,512,158,140,262,284,1
ISIC_0008236,ISIC_0008236.jpg,512,512,170,152,347,289,1
ISIC_0008256,ISIC_0008256.jpg,512,512,207,163,320,311,1
ISIC_0008280,ISIC_0008280.jpg,512,512,93,117,204,303,1
ISIC_0008294,ISIC_0008294.jpg,512,512,222,156,319,277,1
ISIC_0008347,ISIC_0008347.jpg,512,512,192,264,312,359,1
ISIC_0008396,ISIC_0008396.jpg,512,512,173,221,258,347,1
ISIC_0008403,ISIC_0008403.jpg,512,512,79,143,233,351,1
ISIC_0008406,ISIC_0008406.jpg,512,512,115,216,204,389,1
ISIC_0008507,ISIC_0008507.jpg,512,512,145,168,256,328,1
ISIC_0008524,ISIC_0008524.jpg,512,512,163,201,240,363,1
ISIC_0008528,ISIC_0008528.jpg,512,512,129,140,252,408,1
ISIC_0008541,ISIC_0008541.jpg,512,512,197,212,304,321,1
ISIC_0008552,ISIC_0008552.jpg,512,512,165,195,261,340,1
ISIC_0008600,ISIC_0008600.jpg,512,512,105,70,252,444,1
ISIC_0008626,ISIC_0008626.jpg,512,512,86,181,299,386,1
ISIC_0008659,ISIC_0008659.jpg,512,512,140,265,270,360,1
ISIC_0008785,ISIC_0008785.jpg,512,512,47,147,208,356,1
ISIC_0008807,ISIC_0008807.jpg,512,512,140,230,256,353,1
ISIC_0008879,ISIC_0008879.jpg,512,512,181,175,263,315,1
ISIC_0008913,ISIC_0008913.jpg,512,512,173,89,346,416,1
ISIC_0008992,ISIC_0008992.jpg,512,512,133,163,222,326,1
ISIC_0008993,ISIC_0008993.jpg,512,512,152,153,290,320,1
ISIC_0008998,ISIC_0008998.jpg,512,512,54,86,448,484,1
ISIC_0009035,ISIC_0009035.jpg,512,512,122,83,271,349,1
ISIC_0009078,ISIC_0009078.jpg,512,512,142,182,278,348,1
ISIC_0009083,ISIC_0009083.jpg,512,512,205,48,318,259,1
ISIC_0009160,ISIC_0009160.jpg,512,512,219,80,345,264,1
ISIC_0009165,ISIC_0009165.jpg,512,512,220,196,330,386,1
ISIC_0009188,ISIC_0009188.jpg,512,512,145,198,248,332,1
ISIC_0009201,ISIC_0009201.jpg,512,512,138,115,295,420,1
ISIC_0009252,ISIC_0009252.jpg,512,512,117,180,229,402,1
ISIC_0009297,ISIC_0009297.jpg,512,512,184,196,286,355,1
ISIC_0009298,ISIC_0009298.jpg,512,512,126,244,267,413,1
ISIC_0009344,ISIC_0009344.jpg,512,512,170,150,296,339,1
ISIC_0009430,ISIC_0009430.jpg,512,512,119,110,256,330,1
ISIC_0009504,ISIC_0009504.jpg,512,512,207,224,290,367,1
ISIC_0009533,ISIC_0009533.jpg,512,512,179,105,282,333,1
ISIC_0009564,ISIC_0009564.jpg,512,512,189,104,269,249,1
ISIC_0009583,ISIC_0009583.jpg,512,512,119,170,265,305,1
ISIC_0009599,ISIC_0009599.jpg,512,512,163,168,289,380,1
ISIC_0009758,ISIC_0009758.jpg,512,512,105,85,279,343,1
ISIC_0009800,ISIC_0009800.jpg,512,512,159,164,259,349,1
ISIC_0009860,ISIC_0009860.jpg,512,512,257,133,332,362,1
ISIC_0009868,ISIC_0009868.jpg,512,512,112,144,339,430,1
ISIC_0009869,ISIC_0009869.jpg,512,512,211,172,308,379,1
ISIC_0009873,ISIC_0009873.jpg,512,512,52,44,376,402,1
ISIC_0009874,ISIC_0009874.jpg,512,512,102,140,363,323,1
ISIC_0009875,ISIC_0009875.jpg,512,512,92,74,431,500,1
ISIC_0009877,ISIC_0009877.jpg,512,512,91,71,401,391,1
ISIC_0009879,ISIC_0009879.jpg,512,512,98,64,398,432,1
ISIC_0009880,ISIC_0009880.jpg,512,512,62,76,332,389,1
ISIC_0009881,ISIC_0009881.jpg,512,512,143,73,361,390,1
ISIC_0009883,ISIC_0009883.jpg,512,512,151,96,393,411,1
ISIC_0009884,ISIC_0009884.jpg,512,512,169,147,344,387,1
ISIC_0009885,ISIC_0009885.jpg,512,512,219,133,356,314,1
ISIC_0009888,ISIC_0009888.jpg,512,512,161,143,346,391,1
ISIC_0009889,ISIC_0009889.jpg,512,512,150,152,341,378,1
ISIC_0009891,ISIC_0009891.jpg,512,512,93,86,364,347,1
ISIC_0009895,ISIC_0009895.jpg,512,512,142,99,357,461,1
ISIC_0009896,ISIC_0009896.jpg,512,512,14,4,411,430,1
ISIC_0009897,ISIC_0009897.jpg,512,512,31,0,491,511,1
ISIC_0009898,ISIC_0009898.jpg,512,512,117,45,360,355,1
ISIC_0009899,ISIC_0009899.jpg,512,512,91,28,425,426,1
ISIC_0009901,ISIC_0009901.jpg,512,512,105,54,401,474,1
ISIC_0009902,ISIC_0009902.jpg,512,512,106,100,387,463,1
ISIC_0009904,ISIC_0009904.jpg,512,512,117,10,419,512,1
ISIC_0009906,ISIC_0009906.jpg,512,512,105,100,443,444,1
ISIC_0009909,ISIC_0009909.jpg,512,512,87,163,349,428,1
ISIC_0009910,ISIC_0009910.jpg,512,512,12,120,499,429,1
ISIC_0009914,ISIC_0009914.jpg,512,512,108,75,347,443,1
ISIC_0009915,ISIC_0009915.jpg,512,512,69,49,428,424,1
ISIC_0009917,ISIC_0009917.jpg,512,512,138,168,299,412,1
ISIC_0009918,ISIC_0009918.jpg,512,512,86,20,485,508,1
ISIC_0009919,ISIC_0009919.jpg,512,512,102,119,421,471,1
ISIC_0009920,ISIC_0009920.jpg,512,512,146,81,465,433,1
ISIC_0009921,ISIC_0009921.jpg,512,512,4,25,469,510,1
ISIC_0009923,ISIC_0009923.jpg,512,512,83,84,415,459,1
ISIC_0009925,ISIC_0009925.jpg,512,512,122,23,388,442,1
ISIC_0009927,ISIC_0009927.jpg,512,512,183,29,376,304,1
ISIC_0009928,ISIC_0009928.jpg,512,512,78,6,477,512,1
ISIC_0009929,ISIC_0009929.jpg,512,512,245,204,310,327,1
ISIC_0009930,ISIC_0009930.jpg,512,512,261,177,320,324,1
ISIC_0009931,ISIC_0009931.jpg,512,512,117,78,422,450,1
ISIC_0009932,ISIC_0009932.jpg,512,512,48,116,476,342,1
ISIC_0009933,ISIC_0009933.jpg,512,512,125,107,350,412,1
ISIC_0009934,ISIC_0009934.jpg,512,512,1,4,512,512,1
ISIC_0009935,ISIC_0009935.jpg,512,512,158,144,377,367,1
ISIC_0009936,ISIC_0009936.jpg,512,512,210,197,340,296,1
ISIC_0009937,ISIC_0009937.jpg,512,512,198,130,339,343,1
ISIC_0009938,ISIC_0009938.jpg,512,512,123,62,387,392,1
ISIC_0009939,ISIC_0009939.jpg,512,512,97,118,449,383,1
ISIC_0009940,ISIC_0009940.jpg,512,512,26,10,480,499,1
ISIC_0009941,ISIC_0009941.jpg,512,512,160,122,378,414,1
ISIC_0009942,ISIC_0009942.jpg,512,512,134,110,370,379,1
ISIC_0009943,ISIC_0009943.jpg,512,512,206,108,328,466,1
ISIC_0009944,ISIC_0009944.jpg,512,512,216,106,362,412,1
ISIC_0009945,ISIC_0009945.jpg,512,512,170,120,329,349,1
ISIC_0009946,ISIC_0009946.jpg,512,512,105,58,374,396,1
ISIC_0009947,ISIC_0009947.jpg,512,512,111,147,311,412,1
ISIC_0009948,ISIC_0009948.jpg,512,512,82,26,408,508,1
ISIC_0009949,ISIC_0009949.jpg,512,512,162,86,356,472,1
ISIC_0009950,ISIC_0009950.jpg,512,512,95,128,401,425,1
ISIC_0009951,ISIC_0009951.jpg,512,512,118,109,399,498,1
ISIC_0009953,ISIC_0009953.jpg,512,512,26,77,420,442,1
ISIC_0009954,ISIC_0009954.jpg,512,512,189,130,383,381,1
ISIC_0009955,ISIC_0009955.jpg,512,512,76,150,309,409,1
ISIC_0009956,ISIC_0009956.jpg,512,512,74,112,425,396,1
ISIC_0009958,ISIC_0009958.jpg,512,512,172,115,366,395,1
ISIC_0009960,ISIC_0009960.jpg,512,512,201,165,296,324,1
ISIC_0009961,ISIC_0009961.jpg,512,512,38,132,448,442,1
ISIC_0009962,ISIC_0009962.jpg,512,512,2,5,511,512,1
ISIC_0009964,ISIC_0009964.jpg,512,512,165,156,292,368,1
ISIC_0009965,ISIC_0009965.jpg,512,512,76,38,456,444,1
ISIC_0009966,ISIC_0009966.jpg,512,512,175,78,376,456,1
ISIC_0009967,ISIC_0009967.jpg,512,512,87,152,361,387,1
ISIC_0009969,ISIC_0009969.jpg,512,512,72,120,402,496,1
ISIC_0009970,ISIC_0009970.jpg,512,512,42,4,423,510,1
ISIC_0009971,ISIC_0009971.jpg,512,512,207,171,301,311,1
ISIC_0009972,ISIC_0009972.jpg,512,512,145,207,326,398,1
ISIC_0009973,ISIC_0009973.jpg,512,512,68,29,330,416,1
ISIC_0009974,ISIC_0009974.jpg,512,512,76,3,403,456,1
ISIC_0009975,ISIC_0009975.jpg,512,512,61,68,317,378,1
ISIC_0009976,ISIC_0009976.jpg,512,512,149,133,343,342,1
ISIC_0009977,ISIC_0009977.jpg,512,512,179,75,343,386,1
ISIC_0009978,ISIC_0009978.jpg,512,512,123,120,341,427,1
ISIC_0009979,ISIC_0009979.jpg,512,512,172,145,341,364,1
ISIC_0009980,ISIC_0009980.jpg,512,512,32,2,511,512,1
ISIC_0009981,ISIC_0009981.jpg,512,512,175,235,345,428,1
ISIC_0009982,ISIC_0009982.jpg,512,512,159,116,353,332,1
ISIC_0009987,ISIC_0009987.jpg,512,512,157,73,364,488,1
ISIC_0009988,ISIC_0009988.jpg,512,512,0,2,512,512,1
ISIC_0009990,ISIC_0009990.jpg,512,512,0,2,511,512,1
ISIC_0009991,ISIC_0009991.jpg,512,512,147,28,392,452,1
ISIC_0009992,ISIC_0009992.jpg,512,512,22,43,444,455,1
ISIC_0009993,ISIC_0009993.jpg,512,512,94,78,394,446,1
ISIC_0009994,ISIC_0009994.jpg,512,512,147,108,381,487,1
ISIC_0009995,ISIC_0009995.jpg,512,512,0,2,511,510,1
ISIC_0009998,ISIC_0009998.jpg,512,512,135,55,388,386,1
ISIC_0010000,ISIC_0010000.jpg,512,512,16,0,495,468,1
ISIC_0010002,ISIC_0010002.jpg,512,512,134,38,413,418,1
ISIC_0010003,ISIC_0010003.jpg,512,512,213,130,322,306,1
ISIC_0010005,ISIC_0010005.jpg,512,512,0,56,503,445,1
ISIC_0010006,ISIC_0010006.jpg,512,512,105,28,450,378,1
ISIC_0010009,ISIC_0010009.jpg,512,512,156,217,313,387,1
ISIC_0010010,ISIC_0010010.jpg,512,512,127,96,276,375,1
ISIC_0010011,ISIC_0010011.jpg,512,512,133,64,386,424,1
ISIC_0010013,ISIC_0010013.jpg,512,512,93,147,344,372,1
ISIC_0010014,ISIC_0010014.jpg,512,512,139,115,359,386,1
ISIC_0010015,ISIC_0010015.jpg,512,512,95,41,400,468,1
ISIC_0010016,ISIC_0010016.jpg,512,512,180,172,330,340,1
ISIC_0010017,ISIC_0010017.jpg,512,512,66,80,417,484,1
ISIC_0010018,ISIC_0010018.jpg,512,512,177,125,338,417,1
ISIC_0010019,ISIC_0010019.jpg,512,512,48,82,454,448,1
ISIC_0010020,ISIC_0010020.jpg,512,512,51,52,484,464,1
ISIC_0010021,ISIC_0010021.jpg,512,512,53,16,434,494,1
ISIC_0010022,ISIC_0010022.jpg,512,512,1,74,510,418,1
ISIC_0010023,ISIC_0010023.jpg,512,512,109,50,407,457,1
ISIC_0010024,ISIC_0010024.jpg,512,512,151,158,396,372,1
ISIC_0010025,ISIC_0010025.jpg,512,512,135,100,359,362,1
ISIC_0010028,ISIC_0010028.jpg,512,512,152,118,367,436,1
ISIC_0010029,ISIC_0010029.jpg,512,512,67,22,439,512,1
ISIC_0010032,ISIC_0010032.jpg,512,512,161,32,320,381,1
ISIC_0010034,ISIC_0010034.jpg,512,512,93,66,419,460,1
ISIC_0010036,ISIC_0010036.jpg,512,512,46,43,491,461,1
ISIC_0010037,ISIC_0010037.jpg,512,512,0,5,509,505,1
ISIC_0010038,ISIC_0010038.jpg,512,512,72,2,418,512,1
ISIC_0010041,ISIC_0010041.jpg,512,512,4,1,510,510,1
ISIC_0010042,ISIC_0010042.jpg,512,512,127,143,360,378,1
ISIC_0010043,ISIC_0010043.jpg,512,512,106,78,382,483,1
ISIC_0010044,ISIC_0010044.jpg,512,512,88,167,280,447,1
ISIC_0010046,ISIC_0010046.jpg,512,512,152,100,368,356,1
ISIC_0010047,ISIC_0010047.jpg,512,512,102,44,414,433,1
ISIC_0010053,ISIC_0010053.jpg,512,512,161,164,316,336,1
ISIC_0010054,ISIC_0010054.jpg,512,512,97,52,396,444,1
ISIC_0010055,ISIC_0010055.jpg,512,512,106,96,365,412,1
ISIC_0010056,ISIC_0010056.jpg,512,512,1,2,512,512,1
ISIC_0010057,ISIC_0010057.jpg,512,512,87,3,442,512,1
ISIC_0010058,ISIC_0010058.jpg,512,512,132,63,407,398,1
ISIC_0010059,ISIC_0010059.jpg,512,512,185,176,366,332,1
ISIC_0010060,ISIC_0010060.jpg,512,512,240,167,342,356,1
ISIC_0010061,ISIC_0010061.jpg,512,512,172,118,346,330,1
ISIC_0010062,ISIC_0010062.jpg,512,512,0,29,507,505,1
ISIC_0010063,ISIC_0010063.jpg,512,512,2,3,498,512,1
ISIC_0010064,ISIC_0010064.jpg,512,512,142,128,340,422,1
ISIC_0010066,ISIC_0010066.jpg,512,512,112,64,436,419,1
ISIC_0010067,ISIC_0010067.jpg,512,512,98,182,445,412,1
ISIC_0010069,ISIC_0010069.jpg,512,512,200,170,349,374,1
ISIC_0010070,ISIC_0010070.jpg,512,512,85,118,399,437,1
ISIC_0010071,ISIC_0010071.jpg,512,512,1,3,509,512,1
ISIC_0010073,ISIC_0010073.jpg,512,512,128,55,368,494,1
ISIC_0010074,ISIC_0010074.jpg,512,512,128,61,360,419,1
ISIC_0010075,ISIC_0010075.jpg,512,512,92,2,488,512,1
ISIC_0010077,ISIC_0010077.jpg,512,512,138,135,346,359,1
ISIC_0010078,ISIC_0010078.jpg,512,512,101,11,444,512,1
ISIC_0010081,ISIC_0010081.jpg,512,512,171,146,337,390,1
ISIC_0010086,ISIC_0010086.jpg,512,512,123,114,342,494,1
ISIC_0010088,ISIC_0010088.jpg,512,512,200,172,338,352,1
ISIC_0010089,ISIC_0010089.jpg,512,512,197,166,338,340,1
ISIC_0010090,ISIC_0010090.jpg,512,512,203,222,315,368,1
ISIC_0010092,ISIC_0010092.jpg,512,512,161,129,346,405,1
ISIC_0010093,ISIC_0010093.jpg,512,512,0,71,510,467,1
ISIC_0010094,ISIC_0010094.jpg,512,512,101,91,382,365,1
ISIC_0010100,ISIC_0010100.jpg,512,512,105,132,455,497,1
ISIC_0010102,ISIC_0010102.jpg,512,512,120,74,383,460,1
ISIC_0010104,ISIC_0010104.jpg,512,512,180,160,335,316,1
ISIC_0010105,ISIC_0010105.jpg,512,512,153,101,340,368,1
ISIC_0010168,ISIC_0010168.jpg,512,512,100,110,435,402,1
ISIC_0010169,ISIC_0010169.jpg,512,512,21,4,512,512,1
ISIC_0010171,ISIC_0010171.jpg,512,512,93,56,411,440,1
ISIC_0010173,ISIC_0010173.jpg,512,512,153,208,344,410,1
ISIC_0010174,ISIC_0010174.jpg,512,512,146,52,414,432,1
ISIC_0010175,ISIC_0010175.jpg,512,512,23,5,511,498,1
ISIC_0010176,ISIC_0010176.jpg,512,512,215,110,336,362,1
ISIC_0010177,ISIC_0010177.jpg,512,512,215,168,320,328,1
ISIC_0010178,ISIC_0010178.jpg,512,512,168,122,337,387,1
ISIC_0010180,ISIC_0010180.jpg,512,512,144,120,361,370,1
ISIC_0010182,ISIC_0010182.jpg,512,512,210,122,277,359,1
ISIC_0010183,ISIC_0010183.jpg,512,512,212,165,342,323,1
ISIC_0010184,ISIC_0010184.jpg,512,512,71,207,369,408,1
ISIC_0010185,ISIC_0010185.jpg,512,512,133,194,345,354,1
ISIC_0010186,ISIC_0010186.jpg,512,512,117,69,398,506,1
ISIC_0010187,ISIC_0010187.jpg,512,512,39,92,441,480,1
ISIC_0010189,ISIC_0010189.jpg,512,512,1,1,512,512,1
ISIC_0010190,ISIC_0010190.jpg,512,512,1,5,511,510,1
ISIC_0010191,ISIC_0010191.jpg,512,512,62,94,492,481,1
ISIC_0010192,ISIC_0010192.jpg,512,512,143,99,334,454,1
ISIC_0010194,ISIC_0010194.jpg,512,512,21,172,241,512,1
ISIC_0010201,ISIC_0010201.jpg,512,512,26,60,448,506,1
ISIC_0010202,ISIC_0010202.jpg,512,512,0,0,420,511,1
ISIC_0010204,ISIC_0010204.jpg,512,512,0,1,512,512,1
ISIC_0010205,ISIC_0010205.jpg,512,512,187,150,343,361,1
ISIC_0010206,ISIC_0010206.jpg,512,512,169,148,347,344,1
ISIC_0010207,ISIC_0010207.jpg,512,512,208,129,325,330,1
ISIC_0010212,ISIC_0010212.jpg,512,512,115,42,415,487,1
ISIC_0010213,ISIC_0010213.jpg,512,512,134,199,409,512,1
ISIC_0010215,ISIC_0010215.jpg,512,512,86,106,338,404,1
ISIC_0010216,ISIC_0010216.jpg,512,512,155,185,341,404,1
ISIC_0010219,ISIC_0010219.jpg,512,512,124,111,371,383,1
ISIC_0010220,ISIC_0010220.jpg,512,512,170,208,343,382,1
ISIC_0010222,ISIC_0010222.jpg,512,512,0,1,511,512,1
ISIC_0010225,ISIC_0010225.jpg,512,512,162,141,373,397,1
ISIC_0010226,ISIC_0010226.jpg,512,512,223,78,398,374,1
ISIC_0010227,ISIC_0010227.jpg,512,512,168,125,329,387,1
ISIC_0010228,ISIC_0010228.jpg,512,512,0,3,500,512,1
ISIC_0010229,ISIC_0010229.jpg,512,512,180,61,355,474,1
ISIC_0010231,ISIC_0010231.jpg,512,512,18,4,461,511,1
ISIC_0010232,ISIC_0010232.jpg,512,512,2,60,497,500,1
ISIC_0010233,ISIC_0010233.jpg,512,512,84,59,436,390,1
ISIC_0010234,ISIC_0010234.jpg,512,512,176,150,292,362,1
ISIC_0010235,ISIC_0010235.jpg,512,512,1,1,504,512,1
ISIC_0010236,ISIC_0010236.jpg,512,512,162,162,303,358,1
ISIC_0010237,ISIC_0010237.jpg,512,512,150,196,297,324,1
ISIC_0010238,ISIC_0010238.jpg,512,512,20,2,335,360,1
ISIC_0010239,ISIC_0010239.jpg,512,512,21,2,467,512,1
ISIC_0010240,ISIC_0010240.jpg,512,512,101,54,355,408,1
ISIC_0010241,ISIC_0010241.jpg,512,512,133,82,392,400,1
ISIC_0010244,ISIC_0010244.jpg,512,512,175,232,304,337,1
ISIC_0010247,ISIC_0010247.jpg,512,512,116,49,387,468,1
ISIC_0010248,ISIC_0010248.jpg,512,512,129,77,394,505,1
ISIC_0010249,ISIC_0010249.jpg,512,512,41,29,501,490,1
ISIC_0010251,ISIC_0010251.jpg,512,512,262,218,344,364,1
ISIC_0010252,ISIC_0010252.jpg,512,512,1,4,502,512,1
ISIC_0010255,ISIC_0010255.jpg,512,512,213,185,301,311,1
ISIC_0010256,ISIC_0010256.jpg,512,512,217,205,309,333,1
ISIC_0010257,ISIC_0010257.jpg,512,512,62,1,467,512,1
ISIC_0010262,ISIC_0010262.jpg,512,512,172,122,351,380,1
ISIC_0010263,ISIC_0010263.jpg,512,512,164,207,256,357,1
ISIC_0010264,ISIC_0010264.jpg,512,512,1,24,464,444,1
ISIC_0010265,ISIC_0010265.jpg,512,512,121,116,387,362,1
ISIC_0010267,ISIC_0010267.jpg,512,512,41,3,425,512,1
ISIC_0010317,ISIC_0010317.jpg,512,512,205,203,345,370,1
ISIC_0010318,ISIC_0010318.jpg,512,512,146,89,363,350,1
ISIC_0010319,ISIC_0010319.jpg,512,512,58,2,445,465,1
ISIC_0010320,ISIC_0010320.jpg,512,512,12,2,498,482,1
ISIC_0010321,ISIC_0010321.jpg,512,512,60,6,396,424,1
ISIC_0010322,ISIC_0010322.jpg,512,512,1,2,512,512,1
ISIC_0010323,ISIC_0010323.jpg,512,512,4,3,509,512,1
ISIC_0010326,ISIC_0010326.jpg,512,512,103,37,409,473,1
ISIC_0010327,ISIC_0010327.jpg,512,512,134,108,340,396,1
ISIC_0010329,ISIC_0010329.jpg,512,512,0,2,512,512,1
ISIC_0010330,ISIC_0010330.jpg,512,512,16,89,487,443,1
ISIC_0010332,ISIC_0010332.jpg,512,512,108,52,451,466,1
ISIC_0010333,ISIC_0010333.jpg,512,512,35,128,385,486,1
ISIC_0010334,ISIC_0010334.jpg,512,512,33,0,489,511,1
ISIC_0010335,ISIC_0010335.jpg,512,512,83,3,487,512,1
ISIC_0010336,ISIC_0010336.jpg,512,512,93,76,391,425,1
ISIC_0010337,ISIC_0010337.jpg,512,512,133,92,378,394,1
ISIC_0010339,ISIC_0010339.jpg,512,512,131,147,353,361,1
ISIC_0010340,ISIC_0010340.jpg,512,512,61,27,410,459,1
ISIC_0010341,ISIC_0010341.jpg,512,512,169,132,301,414,1
ISIC_0010342,ISIC_0010342.jpg,512,512,66,44,510,440,1
ISIC_0010344,ISIC_0010344.jpg,512,512,91,86,361,408,1
ISIC_0010346,ISIC_0010346.jpg,512,512,123,96,394,470,1
ISIC_0010347,ISIC_0010347.jpg,512,512,49,116,411,421,1
ISIC_0010348,ISIC_0010348.jpg,512,512,152,3,426,344,1
ISIC_0010349,ISIC_0010349.jpg,512,512,51,0,474,510,1
ISIC_0010350,ISIC_0010350.jpg,512,512,109,94,412,479,1
ISIC_0010351,ISIC_0010351.jpg,512,512,174,147,330,332,1
ISIC_0010356,ISIC_0010356.jpg,512,512,152,138,317,319,1
ISIC_0010357,ISIC_0010357.jpg,512,512,164,153,325,396,1
ISIC_0010358,ISIC_0010358.jpg,512,512,157,166,420,406,1
ISIC_0010360,ISIC_0010360.jpg,512,512,75,90,408,378,1
ISIC_0010361,ISIC_0010361.jpg,512,512,39,39,408,497,1
ISIC_0010362,ISIC_0010362.jpg,512,512,118,168,250,315,1
ISIC_0010364,ISIC_0010364.jpg,512,512,106,115,364,404,1
ISIC_0010365,ISIC_0010365.jpg,512,512,123,116,369,426,1
ISIC_0010367,ISIC_0010367.jpg,512,512,181,158,356,390,1
ISIC_0010368,ISIC_0010368.jpg,512,512,177,114,401,432,1
ISIC_0010370,ISIC_0010370.jpg,512,512,106,71,408,460,1
ISIC_0010372,ISIC_0010372.jpg,512,512,143,69,417,412,1
ISIC_0010374,ISIC_0010374.jpg,512,512,62,54,486,437,1
ISIC_0010379,ISIC_0010379.jpg,512,512,144,98,374,458,1
ISIC_0010380,ISIC_0010380.jpg,512,512,202,158,417,429,1
ISIC_0010382,ISIC_0010382.jpg,512,512,2,0,487,512,1
ISIC_0010435,ISIC_0010435.jpg,512,512,172,126,355,356,1
ISIC_0010439,ISIC_0010439.jpg,512,512,251,184,332,279,1
ISIC_0010441,ISIC_0010441.jpg,512,512,268,62,435,291,1
ISIC_0010442,ISIC_0010442.jpg,512,512,111,32,418,428,1
ISIC_0010443,ISIC_0010443.jpg,512,512,167,102,372,344,1
ISIC_0010444,ISIC_0010444.jpg,512,512,217,194,327,345,1
ISIC_0010445,ISIC_0010445.jpg,512,512,139,106,403,506,1
ISIC_0010447,ISIC_0010447.jpg,512,512,110,15,407,480,1
ISIC_0010448,ISIC_0010448.jpg,512,512,40,24,478,512,1
ISIC_0010449,ISIC_0010449.jpg,512,512,77,61,372,446,1
ISIC_0010452,ISIC_0010452.jpg,512,512,117,105,443,417,1
ISIC_0010455,ISIC_0010455.jpg,512,512,1,71,466,494,1
ISIC_0010456,ISIC_0010456.jpg,512,512,165,217,266,343,1
ISIC_0010457,ISIC_0010457.jpg,512,512,8,0,511,512,1
ISIC_0010458,ISIC_0010458.jpg,512,512,186,122,394,365,1
ISIC_0010459,ISIC_0010459.jpg,512,512,69,1,512,511,1
ISIC_0010461,ISIC_0010461.jpg,512,512,148,140,317,419,1
ISIC_0010462,ISIC_0010462.jpg,512,512,170,155,325,344,1
ISIC_0010463,ISIC_0010463.jpg,512,512,59,120,450,442,1
ISIC_0010465,ISIC_0010465.jpg,512,512,94,190,404,450,1
ISIC_0010466,ISIC_0010466.jpg,512,512,108,202,327,398,1
ISIC_0010467,ISIC_0010467.jpg,512,512,177,166,334,411,1
ISIC_0010468,ISIC_0010468.jpg,512,512,133,106,333,481,1
ISIC_0010472,ISIC_0010472.jpg,512,512,189,109,304,286,1
ISIC_0010473,ISIC_0010473.jpg,512,512,51,0,511,473,1
ISIC_0010474,ISIC_0010474.jpg,512,512,194,142,353,316,1
ISIC_0010475,ISIC_0010475.jpg,512,512,127,120,368,396,1
ISIC_0010476,ISIC_0010476.jpg,512,512,180,97,345,426,1
ISIC_0010477,ISIC_0010477.jpg,512,512,24,3,512,512,1
ISIC_0010479,ISIC_0010479.jpg,512,512,60,29,455,424,1
ISIC_0010480,ISIC_0010480.jpg,512,512,76,98,486,478,1
ISIC_0010481,ISIC_0010481.jpg,512,512,151,96,312,370,1
ISIC_0010483,ISIC_0010483.jpg,512,512,131,150,306,437,1
ISIC_0010487,ISIC_0010487.jpg,512,512,70,122,424,355,1
ISIC_0010488,ISIC_0010488.jpg,512,512,30,90,435,470,1
ISIC_0010490,ISIC_0010490.jpg,512,512,111,66,395,482,1
ISIC_0010492,ISIC_0010492.jpg,512,512,9,3,512,512,1
ISIC_0010493,ISIC_0010493.jpg,512,512,119,40,467,511,1
ISIC_0010494,ISIC_0010494.jpg,512,512,83,100,423,446,1
ISIC_0010496,ISIC_0010496.jpg,512,512,93,24,414,507,1
ISIC_0010497,ISIC_0010497.jpg,512,512,56,61,435,512,1
ISIC_0010498,ISIC_0010498.jpg,512,512,124,67,384,404,1
ISIC_0010552,ISIC_0010552.jpg,512,512,3,133,444,474,1
ISIC_0010553,ISIC_0010553.jpg,512,512,105,148,391,338,1
ISIC_0010554,ISIC_0010554.jpg,512,512,162,66,335,439,1
ISIC_0010557,ISIC_0010557.jpg,512,512,151,143,345,394,1
ISIC_0010558,ISIC_0010558.jpg,512,512,37,56,490,453,1
ISIC_0010562,ISIC_0010562.jpg,512,512,182,146,350,409,1
ISIC_0010565,ISIC_0010565.jpg,512,512,179,102,395,470,1
ISIC_0010566,ISIC_0010566.jpg,512,512,117,164,332,392,1
ISIC_0010567,ISIC_0010567.jpg,512,512,149,134,366,361,1
ISIC_0010568,ISIC_0010568.jpg,512,512,20,51,494,462,1
ISIC_0010569,ISIC_0010569.jpg,512,512,212,197,292,300,1
ISIC_0010570,ISIC_0010570.jpg,512,512,75,26,423,500,1
ISIC_0010571,ISIC_0010571.jpg,512,512,116,90,412,438,1
ISIC_0010572,ISIC_0010572.jpg,512,512,69,2,407,475,1
ISIC_0010573,ISIC_0010573.jpg,512,512,112,34,398,510,1
ISIC_0010574,ISIC_0010574.jpg,512,512,160,128,297,466,1
ISIC_0010576,ISIC_0010576.jpg,512,512,78,0,372,486,1
ISIC_0010581,ISIC_0010581.jpg,512,512,151,116,379,458,1
ISIC_0010584,ISIC_0010584.jpg,512,512,169,167,328,358,1
ISIC_0010585,ISIC_0010585.jpg,512,512,233,135,321,252,1
ISIC_0010587,ISIC_0010587.jpg,512,512,120,102,373,321,1
ISIC_0010588,ISIC_0010588.jpg,512,512,1,4,512,512,1
ISIC_0010589,ISIC_0010589.jpg,512,512,42,2,463,444,1
ISIC_0010590,ISIC_0010590.jpg,512,512,182,186,324,372,1
ISIC_0010591,ISIC_0010591.jpg,512,512,113,92,394,409,1
ISIC_0010592,ISIC_0010592.jpg,512,512,247,246,327,342,1
ISIC_0010593,ISIC_0010593.jpg,512,512,202,184,352,377,1
ISIC_0010595,ISIC_0010595.jpg,512,512,142,24,444,511,1
ISIC_0010596,ISIC_0010596.jpg,512,512,73,41,405,509,1
ISIC_0010597,ISIC_0010597.jpg,512,512,119,90,421,490,1
ISIC_0010598,ISIC_0010598.jpg,512,512,179,138,307,319,1
ISIC_0010599,ISIC_0010599.jpg,512,512,100,20,476,469,1
ISIC_0010602,ISIC_0010602.jpg,512,512,45,62,511,480,1
ISIC_0010603,ISIC_0010603.jpg,512,512,1,2,511,512,1
ISIC_0010604,ISIC_0010604.jpg,512,512,1,4,510,512,1
ISIC_0010605,ISIC_0010605.jpg,512,512,77,0,510,511,1
ISIC_0010606,ISIC_0010606.jpg,512,512,88,131,381,384,1
ISIC_0010607,ISIC_0010607.jpg,512,512,206,210,311,388,1
ISIC_0010844,ISIC_0010844.jpg,512,512,135,84,386,431,1
ISIC_0010846,ISIC_0010846.jpg,512,512,39,8,406,496,1
ISIC_0010847,ISIC_0010847.jpg,512,512,118,73,444,438,1
ISIC_0010848,ISIC_0010848.jpg,512,512,133,149,322,382,1
ISIC_0010849,ISIC_0010849.jpg,512,512,102,22,338,473,1
ISIC_0010850,ISIC_0010850.jpg,512,512,117,128,292,379,1
ISIC_0010851,ISIC_0010851.jpg,512,512,164,108,402,442,1
ISIC_0010852,ISIC_0010852.jpg,512,512,174,198,350,366,1
ISIC_0010853,ISIC_0010853.jpg,512,512,167,182,310,347,1
ISIC_0010854,ISIC_0010854.jpg,512,512,143,149,326,376,1
ISIC_0010856,ISIC_0010856.jpg,512,512,93,82,424,419,1
ISIC_0010857,ISIC_0010857.jpg,512,512,0,6,507,512,1
ISIC_0010858,ISIC_0010858.jpg,512,512,96,180,377,496,1
ISIC_0010860,ISIC_0010860.jpg,512,512,114,47,379,413,1
ISIC_0010861,ISIC_0010861.jpg,512,512,177,182,277,335,1
ISIC_0010862,ISIC_0010862.jpg,512,512,93,126,297,382,1
ISIC_0010863,ISIC_0010863.jpg,512,512,62,25,480,510,1
ISIC_0010864,ISIC_0010864.jpg,512,512,122,170,367,458,1
ISIC_0011079,ISIC_0011079.jpg,512,512,69,0,435,511,1
ISIC_0011081,ISIC_0011081.jpg,512,512,138,93,417,500,1
ISIC_0011082,ISIC_0011082.jpg,512,512,228,196,302,296,1
ISIC_0011083,ISIC_0011083.jpg,512,512,192,193,282,329,1
ISIC_0011084,ISIC_0011084.jpg,512,512,106,106,376,488,1
ISIC_0011085,ISIC_0011085.jpg,512,512,185,140,339,396,1
ISIC_0011088,ISIC_0011088.jpg,512,512,145,102,412,500,1
ISIC_0011089,ISIC_0011089.jpg,512,512,147,87,395,404,1
ISIC_0011090,ISIC_0011090.jpg,512,512,54,90,415,424,1
ISIC_0011092,ISIC_0011092.jpg,512,512,196,100,349,362,1
ISIC_0011095,ISIC_0011095.jpg,512,512,92,128,371,432,1
ISIC_0011097,ISIC_0011097.jpg,512,512,145,87,311,388,1
ISIC_0011098,ISIC_0011098.jpg,512,512,145,159,317,377,1
ISIC_0011099,ISIC_0011099.jpg,512,512,101,104,495,431,1
ISIC_0011101,ISIC_0011101.jpg,512,512,93,146,345,444,1
ISIC_0011102,ISIC_0011102.jpg,512,512,120,100,424,466,1
ISIC_0011104,ISIC_0011104.jpg,512,512,107,4,414,496,1
ISIC_0011105,ISIC_0011105.jpg,512,512,2,105,471,482,1
ISIC_0011107,ISIC_0011107.jpg,512,512,58,1,451,510,1
ISIC_0011109,ISIC_0011109.jpg,512,512,65,24,465,512,1
ISIC_0011110,ISIC_0011110.jpg,512,512,147,151,350,404,1
ISIC_0011112,ISIC_0011112.jpg,512,512,10,2,484,510,1
ISIC_0011114,ISIC_0011114.jpg,512,512,175,140,363,404,1
ISIC_0011115,ISIC_0011115.jpg,512,512,207,204,303,324,1
ISIC_0011117,ISIC_0011117.jpg,512,512,72,69,430,506,1
ISIC_0011118,ISIC_0011118.jpg,512,512,192,54,374,400,1
ISIC_0011119,ISIC_0011119.jpg,512,512,153,157,365,384,1
ISIC_0011120,ISIC_0011120.jpg,512,512,1,4,512,510,1
ISIC_0011121,ISIC_0011121.jpg,512,512,1,0,512,512,1
ISIC_0011123,ISIC_0011123.jpg,512,512,117,96,400,460,1
ISIC_0011124,ISIC_0011124.jpg,512,512,106,104,444,446,1
ISIC_0011127,ISIC_0011127.jpg,512,512,169,130,358,404,1
ISIC_0011128,ISIC_0011128.jpg,512,512,94,40,397,512,1
ISIC_0011129,ISIC_0011129.jpg,512,512,48,42,480,459,1
ISIC_0011130,ISIC_0011130.jpg,512,512,143,143,358,393,1
ISIC_0011131,ISIC_0011131.jpg,512,512,114,94,378,462,1
ISIC_0011132,ISIC_0011132.jpg,512,512,137,42,357,340,1
ISIC_0011135,ISIC_0011135.jpg,512,512,204,58,435,391,1
ISIC_0011137,ISIC_0011137.jpg,512,512,107,48,443,442,1
ISIC_0011139,ISIC_0011139.jpg,512,512,116,9,369,512,1
ISIC_0011140,ISIC_0011140.jpg,512,512,152,125,365,332,1
ISIC_0011143,ISIC_0011143.jpg,512,512,183,186,254,253,1
ISIC_0011144,ISIC_0011144.jpg,512,512,98,108,379,462,1
ISIC_0011146,ISIC_0011146.jpg,512,512,172,118,362,370,1
ISIC_0011149,ISIC_0011149.jpg,512,512,50,0,416,511,1
ISIC_0011150,ISIC_0011150.jpg,512,512,96,153,295,364,1
ISIC_0011151,ISIC_0011151.jpg,512,512,0,6,512,512,1
ISIC_0011155,ISIC_0011155.jpg,512,512,57,60,450,439,1
ISIC_0011156,ISIC_0011156.jpg,512,512,34,2,380,511,1
ISIC_0011157,ISIC_0011157.jpg,512,512,163,128,380,390,1
ISIC_0011158,ISIC_0011158.jpg,512,512,19,20,480,512,1
ISIC_0011159,ISIC_0011159.jpg,512,512,75,59,512,512,1
ISIC_0011161,ISIC_0011161.jpg,512,512,9,76,469,436,1
ISIC_0011162,ISIC_0011162.jpg,512,512,129,92,364,355,1
ISIC_0011163,ISIC_0011163.jpg,512,512,164,151,369,362,1
ISIC_0011164,ISIC_0011164.jpg,512,512,189,164,369,375,1
ISIC_0011165,ISIC_0011165.jpg,512,512,87,159,472,442,1
ISIC_0011166,ISIC_0011166.jpg,512,512,174,143,374,377,1
ISIC_0011167,ISIC_0011167.jpg,512,512,22,4,491,512,1
ISIC_0011168,ISIC_0011168.jpg,512,512,178,184,303,359,1
ISIC_0011169,ISIC_0011169.jpg,512,512,175,77,423,443,1
ISIC_0011170,ISIC_0011170.jpg,512,512,83,146,425,372,1
ISIC_0011171,ISIC_0011171.jpg,512,512,163,126,335,323,1
ISIC_0011173,ISIC_0011173.jpg,512,512,178,211,283,347,1
ISIC_0011176,ISIC_0011176.jpg,512,512,94,84,381,454,1
ISIC_0011177,ISIC_0011177.jpg,512,512,77,76,426,491,1
ISIC_0011199,ISIC_0011199.jpg,512,512,213,148,353,294,1
ISIC_0011202,ISIC_0011202.jpg,512,512,169,89,393,360,1
ISIC_0011203,ISIC_0011203.jpg,512,512,153,29,421,510,1
ISIC_0011204,ISIC_0011204.jpg,512,512,68,171,333,401,1
ISIC_0011205,ISIC_0011205.jpg,512,512,165,108,334,306,1
ISIC_0011207,ISIC_0011207.jpg,512,512,197,164,326,330,1
ISIC_0011208,ISIC_0011208.jpg,512,512,91,112,332,282,1
ISIC_0011210,ISIC_0011210.jpg,512,512,182,136,268,322,1
ISIC_0011211,ISIC_0011211.jpg,512,512,82,118,494,466,1
ISIC_0011212,ISIC_0011212.jpg,512,512,2,93,512,493,1
ISIC_0011213,ISIC_0011213.jpg,512,512,192,172,315,294,1
ISIC_0011214,ISIC_0011214.jpg,512,512,30,65,472,511,1
ISIC_0011218,ISIC_0011218.jpg,512,512,153,69,301,263,1
ISIC_0011219,ISIC_0011219.jpg,512,512,186,122,355,361,1
ISIC_0011220,ISIC_0011220.jpg,512,512,237,152,347,300,1
ISIC_0011223,ISIC_0011223.jpg,512,512,184,143,335,397,1
ISIC_0011224,ISIC_0011224.jpg,512,512,125,76,389,458,1
ISIC_0011225,ISIC_0011225.jpg,512,512,246,234,344,347,1
ISIC_0011227,ISIC_0011227.jpg,512,512,58,37,370,422,1
ISIC_0011228,ISIC_0011228.jpg,512,512,69,93,399,435,1
ISIC_0011229,ISIC_0011229.jpg,512,512,37,0,405,511,1
ISIC_0011230,ISIC_0011230.jpg,512,512,151,104,379,338,1
ISIC_0011292,ISIC_0011292.jpg,512,512,146,114,334,382,1
ISIC_0011294,ISIC_0011294.jpg,512,512,82,152,343,450,1
ISIC_0011295,ISIC_0011295.jpg,512,512,105,2,408,512,1
ISIC_0011296,ISIC_0011296.jpg,512,512,128,98,363,404,1
ISIC_0011297,ISIC_0011297.jpg,512,512,123,132,353,388,1
ISIC_0011298,ISIC_0011298.jpg,512,512,207,196,356,379,1
ISIC_0011300,ISIC_0011300.jpg,512,512,9,0,502,512,1
ISIC_0011301,ISIC_0011301.jpg,512,512,143,78,422,420,1
ISIC_0011303,ISIC_0011303.jpg,512,512,75,125,282,337,1
ISIC_0011304,ISIC_0011304.jpg,512,512,113,188,303,347,1
ISIC_0011305,ISIC_0011305.jpg,512,512,198,143,369,470,1
ISIC_0011306,ISIC_0011306.jpg,512,512,118,130,394,347,1
ISIC_0011315,ISIC_0011315.jpg,512,512,110,54,423,407,1
ISIC_0011317,ISIC_0011317.jpg,512,512,226,130,334,291,1
ISIC_0011322,ISIC_0011322.jpg,512,512,81,10,394,512,1
ISIC_0011323,ISIC_0011323.jpg,512,512,145,11,298,450,1
ISIC_0011324,ISIC_0011324.jpg,512,512,195,58,365,424,1
ISIC_0011326,ISIC_0011326.jpg,512,512,77,71,313,480,1
ISIC_0011327,ISIC_0011327.jpg,512,512,68,94,512,367,1
ISIC_0011328,ISIC_0011328.jpg,512,512,159,72,375,502,1
ISIC_0011329,ISIC_0011329.jpg,512,512,4,12,511,512,1
ISIC_0011330,ISIC_0011330.jpg,512,512,135,199,317,372,1
ISIC_0011333,ISIC_0011333.jpg,512,512,121,71,456,487,1
ISIC_0011334,ISIC_0011334.jpg,512,512,1,1,512,512,1
ISIC_0011336,ISIC_0011336.jpg,512,512,61,97,388,460,1
ISIC_0011338,ISIC_0011338.jpg,512,512,161,143,372,416,1
ISIC_0011339,ISIC_0011339.jpg,512,512,167,96,423,439,1
ISIC_0011341,ISIC_0011341.jpg,512,512,186,172,417,400,1
ISIC_0011343,ISIC_0011343.jpg,512,512,149,108,333,422,1
ISIC_0011344,ISIC_0011344.jpg,512,512,145,136,358,410,1
ISIC_0011345,ISIC_0011345.jpg,512,512,204,32,346,408,1
ISIC_0011347,ISIC_0011347.jpg,512,512,2,36,511,512,1
ISIC_0011348,ISIC_0011348.jpg,512,512,7,24,504,510,1
ISIC_0011349,ISIC_0011349.jpg,512,512,9,5,504,510,1
ISIC_0011352,ISIC_0011352.jpg,512,512,52,36,457,462,1
ISIC_0011353,ISIC_0011353.jpg,512,512,161,192,319,342,1
ISIC_0011356,ISIC_0011356.jpg,512,512,0,0,512,512,1
ISIC_0011357,ISIC_0011357.jpg,512,512,112,133,308,350,1
ISIC_0011358,ISIC_0011358.jpg,512,512,62,100,396,402,1
ISIC_0011359,ISIC_0011359.jpg,512,512,103,82,346,355,1
ISIC_0011360,ISIC_0011360.jpg,512,512,0,1,510,512,1
ISIC_0011361,ISIC_0011361.jpg,512,512,0,6,512,512,1
ISIC_0011362,ISIC_0011362.jpg,512,512,139,42,354,416,1
ISIC_0011363,ISIC_0011363.jpg,512,512,11,40,482,488,1
ISIC_0011366,ISIC_0011366.jpg,512,512,89,44,437,431,1
ISIC_0011367,ISIC_0011367.jpg,512,512,188,180,307,330,1
ISIC_0011372,ISIC_0011372.jpg,512,512,162,202,282,336,1
ISIC_0011373,ISIC_0011373.jpg,512,512,1,2,512,512,1
ISIC_0011374,ISIC_0011374.jpg,512,512,2,11,415,512,1
ISIC_0011378,ISIC_0011378.jpg,512,512,152,20,352,430,1
ISIC_0011382,ISIC_0011382.jpg,512,512,112,122,462,481,1
ISIC_0011383,ISIC_0011383.jpg,512,512,208,121,418,347,1
ISIC_0011384,ISIC_0011384.jpg,512,512,77,104,422,368,1
ISIC_0011385,ISIC_0011385.jpg,512,512,97,167,370,478,1
ISIC_0011386,ISIC_0011386.jpg,512,512,162,198,315,394,1
ISIC_0011387,ISIC_0011387.jpg,512,512,70,0,511,511,1
ISIC_0011390,ISIC_0011390.jpg,512,512,1,1,512,512,1
ISIC_0011393,ISIC_0011393.jpg,512,512,216,140,333,306,1
ISIC_0011397,ISIC_0011397.jpg,512,512,34,54,458,402,1
ISIC_0011398,ISIC_0011398.jpg,512,512,111,77,420,512,1
ISIC_0011402,ISIC_0011402.jpg,512,512,0,49,511,512,1
ISIC_0012086,ISIC_0012086.jpg,512,512,90,20,429,494,1
ISIC_0012089,ISIC_0012089.jpg,512,512,264,178,317,281,1
ISIC_0012090,ISIC_0012090.jpg,512,512,192,33,404,381,1
ISIC_0012092,ISIC_0012092.jpg,512,512,157,176,323,434,1
ISIC_0012094,ISIC_0012094.jpg,512,512,233,229,309,321,1
ISIC_0012095,ISIC_0012095.jpg,512,512,230,166,350,304,1
ISIC_0012097,ISIC_0012097.jpg,512,512,193,192,285,313,1
ISIC_0012099,ISIC_0012099.jpg,512,512,221,201,285,281,1
ISIC_0012102,ISIC_0012102.jpg,512,512,225,197,333,317,1
ISIC_0012105,ISIC_0012105.jpg,512,512,225,192,301,329,1
ISIC_0012107,ISIC_0012107.jpg,512,512,133,109,377,381,1
ISIC_0012108,ISIC_0012108.jpg,512,512,181,185,305,369,1
ISIC_0012109,ISIC_0012109.jpg,512,512,225,201,297,309,1
ISIC_0012116,ISIC_0012116.jpg,512,512,209,148,317,302,1
ISIC_0012118,ISIC_0012118.jpg,512,512,205,185,317,313,1
ISIC_0012126,ISIC_0012126.jpg,512,512,225,192,289,261,1
ISIC_0012127,ISIC_0012127.jpg,512,512,205,226,270,332,1
ISIC_0012134,ISIC_0012134.jpg,512,512,15,3,475,511,1
ISIC_0012135,ISIC_0012135.jpg,512,512,189,87,276,207,1
ISIC_0012136,ISIC_0012136.jpg,512,512,63,96,454,511,1
ISIC_0012137,ISIC_0012137.jpg,512,512,190,157,299,339,1
ISIC_0012143,ISIC_0012143.jpg,512,512,149,101,381,437,1
ISIC_0012147,ISIC_0012147.jpg,512,512,217,140,317,309,1
ISIC_0012148,ISIC_0012148.jpg,512,512,173,181,313,345,1
ISIC_0012149,ISIC_0012149.jpg,512,512,230,181,340,334,1
ISIC_0012151,ISIC_0012151.jpg,512,512,145,81,401,465,1
ISIC_0012155,ISIC_0012155.jpg,512,512,196,237,310,349,1
ISIC_0012156,ISIC_0012156.jpg,512,512,205,217,297,289,1
ISIC_0012159,ISIC_0012159.jpg,512,512,185,224,336,372,1
ISIC_0012160,ISIC_0012160.jpg,512,512,221,181,281,313,1
ISIC_0012164,ISIC_0012164.jpg,512,512,225,185,289,293,1
ISIC_0012167,ISIC_0012167.jpg,512,512,221,194,317,375,1
ISIC_0012173,ISIC_0012173.jpg,512,512,201,153,321,397,1
ISIC_0012177,ISIC_0012177.jpg,512,512,221,221,317,329,1
ISIC_0012178,ISIC_0012178.jpg,512,512,135,98,317,338,1
ISIC_0012179,ISIC_0012179.jpg,512,512,246,218,295,283,1
ISIC_0012182,ISIC_0012182.jpg,512,512,209,128,305,237,1
ISIC_0012187,ISIC_0012187.jpg,512,512,221,181,321,309,1
ISIC_0012191,ISIC_0012191.jpg,512,512,211,162,289,326,1
ISIC_0012201,ISIC_0012201.jpg,512,512,197,145,321,325,1
ISIC_0012203,ISIC_0012203.jpg,512,512,233,185,297,309,1
ISIC_0012204,ISIC_0012204.jpg,512,512,205,171,298,290,1
ISIC_0012205,ISIC_0012205.jpg,512,512,197,181,305,313,1
ISIC_0012206,ISIC_0012206.jpg,512,512,209,133,365,381,1
ISIC_0012207,ISIC_0012207.jpg,512,512,157,134,344,386,1
ISIC_0012208,ISIC_0012208.jpg,512,512,209,205,321,337,1
ISIC_0012210,ISIC_0012210.jpg,512,512,165,64,384,316,1
ISIC_0012211,ISIC_0012211.jpg,512,512,193,153,333,357,1
ISIC_0012212,ISIC_0012212.jpg,512,512,213,209,308,308,1
ISIC_0012213,ISIC_0012213.jpg,512,512,233,209,301,281,1
ISIC_0012216,ISIC_0012216.jpg,512,512,152,70,360,428,1
ISIC_0012221,ISIC_0012221.jpg,512,512,221,192,305,317,1
ISIC_0012222,ISIC_0012222.jpg,512,512,213,192,293,325,1
ISIC_0012223,ISIC_0012223.jpg,512,512,56,9,424,502,1
ISIC_0012224,ISIC_0012224.jpg,512,512,131,152,271,365,1
ISIC_0012227,ISIC_0012227.jpg,512,512,121,43,354,454,1
ISIC_0012228,ISIC_0012228.jpg,512,512,180,199,295,374,1
ISIC_0012230,ISIC_0012230.jpg,512,512,208,217,285,305,1
ISIC_0012232,ISIC_0012232.jpg,512,512,229,197,341,321,1
ISIC_0012233,ISIC_0012233.jpg,512,512,221,237,305,377,1
ISIC_0012235,ISIC_0012235.jpg,512,512,197,217,313,353,1
ISIC_0012238,ISIC_0012238.jpg,512,512,194,183,334,382,1
ISIC_0012245,ISIC_0012245.jpg,512,512,151,124,354,416,1
ISIC_0012246,ISIC_0012246.jpg,512,512,157,89,333,345,1
ISIC_0012248,ISIC_0012248.jpg,512,512,117,6,367,504,1
ISIC_0012250,ISIC_0012250.jpg,512,512,189,169,281,285,1
ISIC_0012253,ISIC_0012253.jpg,512,512,200,117,341,377,1
ISIC_0012256,ISIC_0012256.jpg,512,512,197,172,364,363,1
ISIC_0012257,ISIC_0012257.jpg,512,512,224,197,333,341,1
ISIC_0012258,ISIC_0012258.jpg,512,512,249,211,351,397,1
ISIC_0012259,ISIC_0012259.jpg,512,512,197,209,297,365,1
ISIC_0012260,ISIC_0012260.jpg,512,512,225,169,301,297,1
ISIC_0012261,ISIC_0012261.jpg,512,512,185,226,278,380,1
ISIC_0012263,ISIC_0012263.jpg,512,512,188,255,286,400,1
ISIC_0012266,ISIC_0012266.jpg,512,512,92,80,355,370,1
ISIC_0012268,ISIC_0012268.jpg,512,512,190,193,261,378,1
ISIC_0012271,ISIC_0012271.jpg,512,512,205,305,301,397,1
ISIC_0012272,ISIC_0012272.jpg,512,512,127,31,318,500,1
ISIC_0012273,ISIC_0012273.jpg,512,512,42,54,380,442,1
ISIC_0012278,ISIC_0012278.jpg,512,512,238,211,300,300,1
ISIC_0012281,ISIC_0012281.jpg,512,512,216,207,294,300,1
ISIC_0012282,ISIC_0012282.jpg,512,512,221,177,337,353,1
ISIC_0012284,ISIC_0012284.jpg,512,512,137,137,325,389,1
ISIC_0012285,ISIC_0012285.jpg,512,512,242,228,306,328,1
ISIC_0012288,ISIC_0012288.jpg,512,512,197,144,281,281,1
ISIC_0012290,ISIC_0012290.jpg,512,512,73,0,453,512,1
ISIC_0012298,ISIC_0012298.jpg,512,512,165,209,333,385,1
ISIC_0012299,ISIC_0012299.jpg,512,512,153,133,361,425,1
ISIC_0012303,ISIC_0012303.jpg,512,512,245,189,337,289,1
ISIC_0012306,ISIC_0012306.jpg,512,512,217,185,297,301,1
ISIC_0012309,ISIC_0012309.jpg,512,512,173,205,253,341,1
ISIC_0012311,ISIC_0012311.jpg,512,512,159,184,328,349,1
ISIC_0012313,ISIC_0012313.jpg,512,512,209,181,289,297,1
ISIC_0012314,ISIC_0012314.jpg,512,512,108,39,382,425,1
ISIC_0012316,ISIC_0012316.jpg,512,512,225,209,285,317,1
ISIC_0012318,ISIC_0012318.jpg,512,512,149,253,277,385,1
ISIC_0012320,ISIC_0012320.jpg,512,512,197,197,305,337,1
ISIC_0012323,ISIC_0012323.jpg,512,512,108,24,473,478,1
ISIC_0012324,ISIC_0012324.jpg,512,512,193,192,313,353,1
ISIC_0012325,ISIC_0012325.jpg,512,512,144,156,346,349,1
ISIC_0012329,ISIC_0012329.jpg,512,512,179,158,341,394,1
ISIC_0012330,ISIC_0012330.jpg,512,512,224,174,371,348,1
ISIC_0012332,ISIC_0012332.jpg,512,512,193,209,325,393,1
ISIC_0012333,ISIC_0012333.jpg,512,512,217,209,297,297,1
ISIC_0012334,ISIC_0012334.jpg,512,512,201,125,301,293,1
ISIC_0012335,ISIC_0012335.jpg,512,512,233,181,317,305,1
ISIC_0012338,ISIC_0012338.jpg,512,512,229,185,337,297,1
ISIC_0012342,ISIC_0012342.jpg,512,512,150,156,311,418,1
ISIC_0012348,ISIC_0012348.jpg,512,512,177,172,383,384,1
ISIC_0012351,ISIC_0012351.jpg,512,512,241,185,329,313,1
ISIC_0012356,ISIC_0012356.jpg,512,512,0,0,512,510,1
ISIC_0012357,ISIC_0012357.jpg,512,512,205,101,338,370,1
ISIC_0012358,ISIC_0012358.jpg,512,512,201,234,384,401,1
ISIC_0012360,ISIC_0012360.jpg,512,512,229,197,313,409,1
ISIC_0012363,ISIC_0012363.jpg,512,512,164,168,283,387,1
ISIC_0012369,ISIC_0012369.jpg,512,512,167,186,362,424,1
ISIC_0012372,ISIC_0012372.jpg,512,512,213,175,329,352,1
ISIC_0012374,ISIC_0012374.jpg,512,512,205,169,321,333,1
ISIC_0012376,ISIC_0012376.jpg,512,512,233,217,289,277,1
ISIC_0012378,ISIC_0012378.jpg,512,512,237,192,313,285,1
ISIC_0012379,ISIC_0012379.jpg,512,512,91,9,435,492,1
ISIC_0012381,ISIC_0012381.jpg,512,512,170,146,376,348,1
ISIC_0012382,ISIC_0012382.jpg,512,512,109,17,417,441,1
ISIC_0012384,ISIC_0012384.jpg,512,512,181,141,305,293,1
ISIC_0012390,ISIC_0012390.jpg,512,512,146,158,407,352,1
ISIC_0012391,ISIC_0012391.jpg,512,512,229,162,318,312,1
ISIC_0012395,ISIC_0012395.jpg,512,512,186,109,356,376,1
ISIC_0012400,ISIC_0012400.jpg,512,512,149,155,385,368,1
ISIC_0012406,ISIC_0012406.jpg,512,512,224,229,272,293,1
ISIC_0012413,ISIC_0012413.jpg,512,512,237,192,329,345,1
ISIC_0012415,ISIC_0012415.jpg,512,512,231,213,293,296,1
ISIC_0012417,ISIC_0012417.jpg,512,512,96,0,464,512,1
ISIC_0012425,ISIC_0012425.jpg,512,512,152,146,227,245,1
ISIC_0012432,ISIC_0012432.jpg,512,512,174,105,371,401,1
ISIC_0012434,ISIC_0012434.jpg,512,512,257,213,357,337,1
ISIC_0012435,ISIC_0012435.jpg,512,512,217,157,333,301,1
ISIC_0012442,ISIC_0012442.jpg,512,512,185,165,321,345,1
ISIC_0012445,ISIC_0012445.jpg,512,512,208,198,302,358,1
ISIC_0012447,ISIC_0012447.jpg,512,512,176,139,348,444,1
ISIC_0012448,ISIC_0012448.jpg,512,512,221,202,282,300,1
ISIC_0012450,ISIC_0012450.jpg,512,512,224,169,313,309,1
ISIC_0012453,ISIC_0012453.jpg,512,512,229,237,325,365,1
ISIC_0012455,ISIC_0012455.jpg,512,512,213,137,349,273,1
ISIC_0012464,ISIC_0012464.jpg,512,512,206,169,285,289,1
ISIC_0012469,ISIC_0012469.jpg,512,512,136,58,376,429,1
ISIC_0012473,ISIC_0012473.jpg,512,512,132,167,366,466,1
ISIC_0012475,ISIC_0012475.jpg,512,512,132,172,317,416,1
ISIC_0012478,ISIC_0012478.jpg,512,512,192,128,369,385,1
ISIC_0012481,ISIC_0012481.jpg,512,512,239,252,279,321,1
ISIC_0012484,ISIC_0012484.jpg,512,512,168,143,333,396,1
ISIC_0012487,ISIC_0012487.jpg,512,512,185,177,321,359,1
ISIC_0012489,ISIC_0012489.jpg,512,512,206,115,367,408,1
ISIC_0012493,ISIC_0012493.jpg,512,512,217,139,374,297,1
ISIC_0012494,ISIC_0012494.jpg,512,512,212,110,362,307,1
ISIC_0012495,ISIC_0012495.jpg,512,512,221,157,297,273,1
ISIC_0012496,ISIC_0012496.jpg,512,512,181,144,297,301,1
ISIC_0012503,ISIC_0012503.jpg,512,512,192,233,321,389,1
ISIC_0012506,ISIC_0012506.jpg,512,512,192,233,261,321,1
ISIC_0012508,ISIC_0012508.jpg,512,512,56,157,197,305,1
ISIC_0012510,ISIC_0012510.jpg,512,512,2,0,505,510,1
ISIC_0012511,ISIC_0012511.jpg,512,512,157,297,297,421,1
ISIC_0012512,ISIC_0012512.jpg,512,512,156,137,302,422,1
ISIC_0012516,ISIC_0012516.jpg,512,512,157,85,341,329,1
ISIC_0012517,ISIC_0012517.jpg,512,512,180,91,331,344,1
ISIC_0012518,ISIC_0012518.jpg,512,512,76,96,280,407,1
ISIC_0012520,ISIC_0012520.jpg,512,512,160,205,293,353,1
ISIC_0012521,ISIC_0012521.jpg,512,512,189,149,325,329,1
ISIC_0012523,ISIC_0012523.jpg,512,512,253,249,295,308,1
ISIC_0012526,ISIC_0012526.jpg,512,512,216,133,337,285,1
ISIC_0012529,ISIC_0012529.jpg,512,512,237,197,301,317,1
ISIC_0012538,ISIC_0012538.jpg,512,512,200,257,289,357,1
ISIC_0012539,ISIC_0012539.jpg,512,512,216,209,289,301,1
ISIC_0012544,ISIC_0012544.jpg,512,512,245,213,277,265,1
ISIC_0012547,ISIC_0012547.jpg,512,512,208,189,317,341,1
ISIC_0012548,ISIC_0012548.jpg,512,512,122,60,367,428,1
ISIC_0012549,ISIC_0012549.jpg,512,512,192,201,305,361,1
ISIC_0012550,ISIC_0012550.jpg,512,512,181,209,289,369,1
ISIC_0012551,ISIC_0012551.jpg,512,512,172,128,271,264,1
ISIC_0012653,ISIC_0012653.jpg,512,512,272,208,352,385,1
ISIC_0012654,ISIC_0012654.jpg,512,512,194,221,280,323,1
ISIC_0012655,ISIC_0012655.jpg,512,512,240,184,296,284,1
ISIC_0012656,ISIC_0012656.jpg,512,512,163,147,317,360,1
ISIC_0012657,ISIC_0012657.jpg,512,512,216,224,296,341,1
ISIC_0012658,ISIC_0012658.jpg,512,512,160,133,312,349,1
ISIC_0012659,ISIC_0012659.jpg,512,512,232,196,276,288,1
ISIC_0012660,ISIC_0012660.jpg,512,512,232,133,356,332,1
ISIC_0012661,ISIC_0012661.jpg,512,512,160,160,342,352,1
ISIC_0012662,ISIC_0012662.jpg,512,512,241,212,286,296,1
ISIC_0012663,ISIC_0012663.jpg,512,512,213,209,297,317,1
ISIC_0012664,ISIC_0012664.jpg,512,512,201,169,329,365,1
ISIC_0012665,ISIC_0012665.jpg,512,512,237,249,297,309,1
ISIC_0012666,ISIC_0012666.jpg,512,512,233,213,289,293,1
ISIC_0012669,ISIC_0012669.jpg,512,512,213,206,301,316,1
ISIC_0012670,ISIC_0012670.jpg,512,512,209,155,295,289,1
ISIC_0012671,ISIC_0012671.jpg,512,512,169,111,343,389,1
ISIC_0012672,ISIC_0012672.jpg,512,512,173,165,337,325,1
ISIC_0012673,ISIC_0012673.jpg,512,512,173,165,337,325,1
ISIC_0012674,ISIC_0012674.jpg,512,512,193,157,357,361,1
ISIC_0012675,ISIC_0012675.jpg,512,512,229,189,293,309,1
ISIC_0012676,ISIC_0012676.jpg,512,512,225,224,285,309,1
ISIC_0012677,ISIC_0012677.jpg,512,512,225,217,277,285,1
ISIC_0012678,ISIC_0012678.jpg,512,512,209,160,329,381,1
ISIC_0012679,ISIC_0012679.jpg,512,512,237,217,285,297,1
ISIC_0012680,ISIC_0012680.jpg,512,512,217,177,317,325,1
ISIC_0012681,ISIC_0012681.jpg,512,512,229,221,289,305,1
ISIC_0012682,ISIC_0012682.jpg,512,512,245,224,293,281,1
ISIC_0012683,ISIC_0012683.jpg,512,512,237,205,273,256,1
ISIC_0012684,ISIC_0012684.jpg,512,512,173,73,333,385,1
ISIC_0012685,ISIC_0012685.jpg,512,512,213,177,313,317,1
ISIC_0012690,ISIC_0012690.jpg,512,512,209,141,309,377,1
ISIC_0012693,ISIC_0012693.jpg,512,512,205,165,297,305,1
ISIC_0012697,ISIC_0012697.jpg,512,512,217,173,285,325,1
ISIC_0012699,ISIC_0012699.jpg,512,512,225,177,305,305,1
ISIC_0012700,ISIC_0012700.jpg,512,512,199,172,309,306,1
ISIC_0012701,ISIC_0012701.jpg,512,512,233,192,297,305,1
ISIC_0012702,ISIC_0012702.jpg,512,512,241,214,297,284,1
ISIC_0012704,ISIC_0012704.jpg,512,512,217,201,297,317,1
ISIC_0012705,ISIC_0012705.jpg,512,512,211,202,297,316,1
ISIC_0012706,ISIC_0012706.jpg,512,512,182,132,308,359,1
ISIC_0012708,ISIC_0012708.jpg,512,512,187,156,317,353,1
ISIC_0012710,ISIC_0012710.jpg,512,512,233,213,281,297,1
ISIC_0012711,ISIC_0012711.jpg,512,512,225,217,281,293,1
ISIC_0012713,ISIC_0012713.jpg,512,512,238,209,288,292,1
ISIC_0012715,ISIC_0012715.jpg,512,512,71,105,340,442,1
ISIC_0012719,ISIC_0012719.jpg,512,512,193,137,349,369,1
ISIC_0012720,ISIC_0012720.jpg,512,512,137,121,325,453,1
ISIC_0012721,ISIC_0012721.jpg,512,512,161,133,329,393,1
ISIC_0012722,ISIC_0012722.jpg,512,512,230,210,288,296,1
ISIC_0012725,ISIC_0012725.jpg,512,512,225,181,293,305,1
ISIC_0012726,ISIC_0012726.jpg,512,512,221,197,289,273,1
ISIC_0012735,ISIC_0012735.jpg,512,512,201,181,285,293,1
ISIC_0012737,ISIC_0012737.jpg,512,512,189,173,317,329,1
ISIC_0012739,ISIC_0012739.jpg,512,512,233,221,289,297,1
ISIC_0012740,ISIC_0012740.jpg,512,512,231,205,284,293,1
ISIC_0012741,ISIC_0012741.jpg,512,512,209,192,289,325,1
ISIC_0012742,ISIC_0012742.jpg,512,512,229,209,273,269,1
ISIC_0012744,ISIC_0012744.jpg,512,512,241,217,293,289,1
ISIC_0012746,ISIC_0012746.jpg,512,512,209,201,300,288,1
ISIC_0012749,ISIC_0012749.jpg,512,512,128,2,509,511,1
ISIC_0012756,ISIC_0012756.jpg,512,512,141,61,393,397,1
ISIC_0012758,ISIC_0012758.jpg,512,512,162,183,333,330,1
ISIC_0012768,ISIC_0012768.jpg,512,512,156,104,355,443,1
ISIC_0012770,ISIC_0012770.jpg,512,512,217,209,297,301,1
ISIC_0012773,ISIC_0012773.jpg,512,512,1,69,480,414,1
ISIC_0012777,ISIC_0012777.jpg,512,512,233,213,281,285,1
ISIC_0012786,ISIC_0012786.jpg,512,512,70,72,295,391,1
ISIC_0012789,ISIC_0012789.jpg,512,512,239,213,292,311,1
ISIC_0012792,ISIC_0012792.jpg,512,512,189,137,341,365,1
ISIC_0012793,ISIC_0012793.jpg,512,512,225,229,277,285,1
ISIC_0012803,ISIC_0012803.jpg,512,512,180,171,319,329,1
ISIC_0012804,ISIC_0012804.jpg,512,512,207,178,322,292,1
ISIC_0012806,ISIC_0012806.jpg,512,512,178,71,366,371,1
ISIC_0012810,ISIC_0012810.jpg,512,512,207,244,289,374,1
ISIC_0012813,ISIC_0012813.jpg,512,512,83,42,410,487,1
ISIC_0012814,ISIC_0012814.jpg,512,512,205,133,317,325,1
ISIC_0012823,ISIC_0012823.jpg,512,512,205,237,265,309,1
ISIC_0012826,ISIC_0012826.jpg,512,512,197,61,361,333,1
ISIC_0012828,ISIC_0012828.jpg,512,512,106,128,350,471,1
ISIC_0012835,ISIC_0012835.jpg,512,512,225,213,285,277,1
ISIC_0012836,ISIC_0012836.jpg,512,512,220,218,295,315,1
ISIC_0012837,ISIC_0012837.jpg,512,512,3,0,512,512,1
ISIC_0012840,ISIC_0012840.jpg,512,512,165,133,320,377,1
ISIC_0012844,ISIC_0012844.jpg,512,512,181,157,313,373,1
ISIC_0012852,ISIC_0012852.jpg,512,512,181,99,318,327,1
ISIC_0012855,ISIC_0012855.jpg,512,512,205,157,317,281,1
ISIC_0012856,ISIC_0012856.jpg,512,512,193,157,277,265,1
ISIC_0012865,ISIC_0012865.jpg,512,512,193,165,325,341,1
ISIC_0012871,ISIC_0012871.jpg,512,512,200,190,306,384,1
ISIC_0012873,ISIC_0012873.jpg,512,512,217,197,269,277,1
ISIC_0012876,ISIC_0012876.jpg,512,512,238,221,286,297,1
ISIC_0012877,ISIC_0012877.jpg,512,512,184,138,317,349,1
ISIC_0012878,ISIC_0012878.jpg,512,512,185,173,320,329,1
ISIC_0012879,ISIC_0012879.jpg,512,512,209,209,313,305,1
ISIC_0012880,ISIC_0012880.jpg,512,512,182,97,319,324,1
ISIC_0012883,ISIC_0012883.jpg,512,512,213,173,288,309,1
ISIC_0012884,ISIC_0012884.jpg,512,512,205,149,345,405,1
ISIC_0012887,ISIC_0012887.jpg,512,512,241,224,305,337,1
ISIC_0012888,ISIC_0012888.jpg,512,512,213,189,313,353,1
ISIC_0012889,ISIC_0012889.jpg,512,512,205,85,353,277,1
ISIC_0012891,ISIC_0012891.jpg,512,512,205,197,321,321,1
ISIC_0012897,ISIC_0012897.jpg,512,512,225,213,273,297,1
ISIC_0012898,ISIC_0012898.jpg,512,512,223,135,301,271,1
ISIC_0012901,ISIC_0012901.jpg,512,512,213,169,317,309,1
ISIC_0012902,ISIC_0012902.jpg,512,512,134,176,324,490,1
ISIC_0012903,ISIC_0012903.jpg,512,512,212,213,311,353,1
ISIC_0012904,ISIC_0012904.jpg,512,512,180,167,358,394,1
ISIC_0012905,ISIC_0012905.jpg,512,512,209,205,313,325,1
ISIC_0012907,ISIC_0012907.jpg,512,512,217,173,317,309,1
ISIC_0012911,ISIC_0012911.jpg,512,512,220,201,297,319,1
ISIC_0012930,ISIC_0012930.jpg,512,512,181,125,297,309,1
ISIC_0012932,ISIC_0012932.jpg,512,512,146,77,346,460,1
ISIC_0012939,ISIC_0012939.jpg,512,512,221,229,293,297,1
ISIC_0012940,ISIC_0012940.jpg,512,512,197,169,291,291,1
ISIC_0012941,ISIC_0012941.jpg,512,512,174,197,323,402,1
ISIC_0012944,ISIC_0012944.jpg,512,512,209,125,341,317,1
ISIC_0012945,ISIC_0012945.jpg,512,512,233,212,269,271,1
ISIC_0012949,ISIC_0012949.jpg,512,512,261,209,321,305,1
ISIC_0012950,ISIC_0012950.jpg,512,512,225,149,349,337,1
ISIC_0012956,ISIC_0012956.jpg,512,512,217,197,281,297,1
ISIC_0012957,ISIC_0012957.jpg,512,512,229,203,312,303,1
ISIC_0012961,ISIC_0012961.jpg,512,512,173,145,297,349,1
ISIC_0012965,ISIC_0012965.jpg,512,512,233,205,277,273,1
ISIC_0012966,ISIC_0012966.jpg,512,512,230,229,287,301,1
ISIC_0012969,ISIC_0012969.jpg,512,512,192,196,257,321,1
ISIC_0012976,ISIC_0012976.jpg,512,512,233,233,285,305,1
ISIC_0012981,ISIC_0012981.jpg,512,512,168,197,241,321,1
ISIC_0012986,ISIC_0012986.jpg,512,512,197,140,311,311,1
ISIC_0012987,ISIC_0012987.jpg,512,512,213,149,293,273,1
ISIC_0012988,ISIC_0012988.jpg,512,512,205,177,289,305,1
ISIC_0012989,ISIC_0012989.jpg,512,512,234,204,312,351,1
ISIC_0012990,ISIC_0012990.jpg,512,512,233,177,325,289,1
ISIC_0012999,ISIC_0012999.jpg,512,512,1,105,411,452,1
ISIC_0013000,ISIC_0013000.jpg,512,512,202,217,260,293,1
ISIC_0013001,ISIC_0013001.jpg,512,512,237,147,292,238,1
ISIC_0013007,ISIC_0013007.jpg,512,512,185,128,365,401,1
ISIC_0013010,ISIC_0013010.jpg,512,512,229,190,298,296,1
ISIC_0013012,ISIC_0013012.jpg,512,512,213,153,325,325,1
ISIC_0013015,ISIC_0013015.jpg,512,512,205,137,317,333,1
ISIC_0013023,ISIC_0013023.jpg,512,512,205,189,285,321,1
ISIC_0013024,ISIC_0013024.jpg,512,512,178,116,357,392,1
ISIC_0013025,ISIC_0013025.jpg,512,512,237,225,285,309,1
ISIC_0013026,ISIC_0013026.jpg,512,512,237,233,285,285,1
ISIC_0013027,ISIC_0013027.jpg,512,512,252,252,284,308,1
ISIC_0013031,ISIC_0013031.jpg,512,512,155,136,287,294,1
ISIC_0013032,ISIC_0013032.jpg,512,512,225,201,337,361,1
ISIC_0013034,ISIC_0013034.jpg,512,512,201,170,346,379,1
ISIC_0013035,ISIC_0013035.jpg,512,512,207,213,320,416,1
ISIC_0013037,ISIC_0013037.jpg,512,512,217,185,297,321,1
ISIC_0013039,ISIC_0013039.jpg,512,512,209,197,304,325,1
ISIC_0013044,ISIC_0013044.jpg,512,512,217,225,288,317,1
ISIC_0013045,ISIC_0013045.jpg,512,512,210,191,291,379,1
ISIC_0013047,ISIC_0013047.jpg,512,512,209,133,345,381,1
ISIC_0013048,ISIC_0013048.jpg,512,512,197,209,293,333,1
ISIC_0013052,ISIC_0013052.jpg,512,512,152,122,407,447,1
ISIC_0013053,ISIC_0013053.jpg,512,512,221,233,288,341,1
ISIC_0013054,ISIC_0013054.jpg,512,512,225,233,281,301,1
ISIC_0013055,ISIC_0013055.jpg,512,512,229,237,269,281,1
ISIC_0013056,ISIC_0013056.jpg,512,512,189,144,318,284,1
ISIC_0013063,ISIC_0013063.jpg,512,512,98,65,301,366,1
ISIC_0013065,ISIC_0013065.jpg,512,512,194,251,269,332,1
ISIC_0013070,ISIC_0013070.jpg,512,512,168,189,269,380,1
ISIC_0013071,ISIC_0013071.jpg,512,512,177,197,277,329,1
ISIC_0013072,ISIC_0013072.jpg,512,512,124,127,382,486,1
ISIC_0013073,ISIC_0013073.jpg,512,512,43,3,413,508,1
ISIC_0013075,ISIC_0013075.jpg,512,512,153,157,277,317,1
ISIC_0013079,ISIC_0013079.jpg,512,512,198,99,340,361,1
ISIC_0013082,ISIC_0013082.jpg,512,512,213,205,281,329,1
ISIC_0013084,ISIC_0013084.jpg,512,512,73,117,401,377,1
ISIC_0013086,ISIC_0013086.jpg,512,512,241,153,341,325,1
ISIC_0013087,ISIC_0013087.jpg,512,512,187,169,300,346,1
ISIC_0013089,ISIC_0013089.jpg,512,512,212,135,307,288,1
ISIC_0013090,ISIC_0013090.jpg,512,512,217,209,285,301,1
ISIC_0013094,ISIC_0013094.jpg,512,512,228,220,292,308,1
ISIC_0013096,ISIC_0013096.jpg,512,512,168,107,361,346,1
ISIC_0013104,ISIC_0013104.jpg,512,512,185,137,336,389,1
ISIC_0013106,ISIC_0013106.jpg,512,512,193,197,309,305,1
ISIC_0013109,ISIC_0013109.jpg,512,512,241,185,306,304,1
ISIC_0013112,ISIC_0013112.jpg,512,512,201,89,345,285,1
ISIC_0013114,ISIC_0013114.jpg,512,512,171,148,365,399,1
ISIC_0013118,ISIC_0013118.jpg,512,512,193,160,281,301,1
ISIC_0013120,ISIC_0013120.jpg,512,512,247,154,332,251,1
ISIC_0013121,ISIC_0013121.jpg,512,512,229,213,313,329,1
ISIC_0013124,ISIC_0013124.jpg,512,512,205,172,298,313,1
ISIC_0013126,ISIC_0013126.jpg,512,512,233,185,304,273,1
ISIC_0013128,ISIC_0013128.jpg,512,512,209,128,301,325,1
ISIC_0013129,ISIC_0013129.jpg,512,512,192,146,312,318,1
ISIC_0013134,ISIC_0013134.jpg,512,512,189,149,291,275,1
ISIC_0013136,ISIC_0013136.jpg,512,512,225,181,321,325,1
ISIC_0013140,ISIC_0013140.jpg,512,512,189,157,269,265,1
ISIC_0013141,ISIC_0013141.jpg,512,512,204,172,324,381,1
ISIC_0013146,ISIC_0013146.jpg,512,512,97,69,341,401,1
ISIC_0013147,ISIC_0013147.jpg,512,512,213,213,341,317,1
ISIC_0013150,ISIC_0013150.jpg,512,512,209,133,325,305,1
ISIC_0013155,ISIC_0013155.jpg,512,512,245,224,276,268,1
ISIC_0013159,ISIC_0013159.jpg,512,512,203,146,346,385,1
ISIC_0013160,ISIC_0013160.jpg,512,512,177,44,378,311,1
ISIC_0013163,ISIC_0013163.jpg,512,512,244,186,303,303,1
ISIC_0013164,ISIC_0013164.jpg,512,512,230,209,283,292,1
ISIC_0013165,ISIC_0013165.jpg,512,512,181,161,320,365,1
ISIC_0013166,ISIC_0013166.jpg,512,512,189,93,349,369,1
ISIC_0013167,ISIC_0013167.jpg,512,512,161,80,361,281,1
ISIC_0013169,ISIC_0013169.jpg,512,512,41,0,428,508,1
ISIC_0013170,ISIC_0013170.jpg,512,512,86,34,393,506,1
ISIC_0013172,ISIC_0013172.jpg,512,512,221,201,301,321,1
ISIC_0013173,ISIC_0013173.jpg,512,512,221,185,264,255,1
ISIC_0013176,ISIC_0013176.jpg,512,512,218,172,349,341,1
ISIC_0013177,ISIC_0013177.jpg,512,512,196,61,375,356,1
ISIC_0013178,ISIC_0013178.jpg,512,512,133,41,368,508,1
ISIC_0013181,ISIC_0013181.jpg,512,512,227,205,293,301,1
ISIC_0013184,ISIC_0013184.jpg,512,512,137,57,393,397,1
ISIC_0013187,ISIC_0013187.jpg,512,512,161,177,357,357,1
ISIC_0013189,ISIC_0013189.jpg,512,512,175,154,340,415,1
ISIC_0013190,ISIC_0013190.jpg,512,512,181,209,333,361,1
ISIC_0013191,ISIC_0013191.jpg,512,512,168,124,342,349,1
ISIC_0013192,ISIC_0013192.jpg,512,512,233,224,285,305,1
ISIC_0013193,ISIC_0013193.jpg,512,512,187,167,410,345,1
ISIC_0013196,ISIC_0013196.jpg,512,512,243,226,267,269,1
ISIC_0013197,ISIC_0013197.jpg,512,512,237,224,273,269,1
ISIC_0013198,ISIC_0013198.jpg,512,512,127,134,310,472,1
ISIC_0013200,ISIC_0013200.jpg,512,512,213,205,325,325,1
ISIC_0013201,ISIC_0013201.jpg,512,512,237,177,296,287,1
ISIC_0013203,ISIC_0013203.jpg,512,512,123,96,391,410,1
ISIC_0013204,ISIC_0013204.jpg,512,512,208,198,319,320,1
ISIC_0013205,ISIC_0013205.jpg,512,512,210,202,299,331,1
ISIC_0013207,ISIC_0013207.jpg,512,512,226,140,321,305,1
ISIC_0013208,ISIC_0013208.jpg,512,512,241,213,285,277,1
ISIC_0013212,ISIC_0013212.jpg,512,512,220,196,294,280,1
ISIC_0013213,ISIC_0013213.jpg,512,512,205,197,317,377,1
ISIC_0013216,ISIC_0013216.jpg,512,512,205,131,322,301,1
ISIC_0013217,ISIC_0013217.jpg,512,512,218,289,266,364,1
ISIC_0013219,ISIC_0013219.jpg,512,512,237,213,297,301,1
ISIC_0013220,ISIC_0013220.jpg,512,512,181,181,317,369,1
ISIC_0013222,ISIC_0013222.jpg,512,512,209,201,304,349,1
ISIC_0013223,ISIC_0013223.jpg,512,512,181,81,345,325,1
ISIC_0013224,ISIC_0013224.jpg,512,512,149,277,233,381,1
ISIC_0013226,ISIC_0013226.jpg,512,512,228,150,305,290,1
ISIC_0013227,ISIC_0013227.jpg,512,512,221,209,301,321,1
ISIC_0013229,ISIC_0013229.jpg,512,512,216,281,329,461,1
ISIC_0013230,ISIC_0013230.jpg,512,512,209,178,299,323,1
ISIC_0013232,ISIC_0013232.jpg,512,512,209,113,349,329,1
ISIC_0013233,ISIC_0013233.jpg,512,512,277,155,321,247,1
ISIC_0013235,ISIC_0013235.jpg,512,512,221,173,309,401,1
ISIC_0013238,ISIC_0013238.jpg,512,512,181,141,297,329,1
ISIC_0013242,ISIC_0013242.jpg,512,512,166,120,307,357,1
ISIC_0013244,ISIC_0013244.jpg,512,512,145,157,361,325,1
ISIC_0013248,ISIC_0013248.jpg,512,512,217,189,293,301,1
ISIC_0013249,ISIC_0013249.jpg,512,512,225,192,310,315,1
ISIC_0013257,ISIC_0013257.jpg,512,512,171,176,276,296,1
ISIC_0013258,ISIC_0013258.jpg,512,512,225,181,337,313,1
ISIC_0013269,ISIC_0013269.jpg,512,512,187,202,266,367,1
ISIC_0013271,ISIC_0013271.jpg,512,512,223,175,335,312,1
ISIC_0013274,ISIC_0013274.jpg,512,512,205,173,309,285,1
ISIC_0013275,ISIC_0013275.jpg,512,512,237,209,297,293,1
ISIC_0013277,ISIC_0013277.jpg,512,512,132,29,358,466,1
ISIC_0013287,ISIC_0013287.jpg,512,512,205,169,285,325,1
ISIC_0013288,ISIC_0013288.jpg,512,512,200,217,289,369,1
ISIC_0013291,ISIC_0013291.jpg,512,512,211,179,319,387,1
ISIC_0013294,ISIC_0013294.jpg,512,512,200,253,289,405,1
ISIC_0013302,ISIC_0013302.jpg,512,512,238,260,287,330,1
ISIC_0013304,ISIC_0013304.jpg,512,512,195,161,328,332,1
ISIC_0013306,ISIC_0013306.jpg,512,512,188,254,269,352,1
ISIC_0013310,ISIC_0013310.jpg,512,512,131,167,351,509,1
ISIC_0013311,ISIC_0013311.jpg,512,512,192,217,277,353,1
ISIC_0013314,ISIC_0013314.jpg,512,512,200,245,293,397,1
ISIC_0013315,ISIC_0013315.jpg,512,512,117,164,282,428,1
ISIC_0013319,ISIC_0013319.jpg,512,512,203,117,326,360,1
ISIC_0013320,ISIC_0013320.jpg,512,512,181,133,317,349,1
ISIC_0013321,ISIC_0013321.jpg,512,512,1,1,300,512,1
ISIC_0013325,ISIC_0013325.jpg,512,512,213,198,300,346,1
ISIC_0013326,ISIC_0013326.jpg,512,512,213,186,310,303,1
ISIC_0013329,ISIC_0013329.jpg,512,512,200,201,269,313,1
ISIC_0013330,ISIC_0013330.jpg,512,512,192,245,256,341,1
ISIC_0013333,ISIC_0013333.jpg,512,512,213,173,301,301,1
ISIC_0013334,ISIC_0013334.jpg,512,512,83,103,362,423,1
ISIC_0013335,ISIC_0013335.jpg,512,512,160,153,353,425,1
ISIC_0013340,ISIC_0013340.jpg,512,512,198,271,284,367,1
ISIC_0013341,ISIC_0013341.jpg,512,512,92,46,399,448,1
ISIC_0013342,ISIC_0013342.jpg,512,512,221,213,305,309,1
ISIC_0013346,ISIC_0013346.jpg,512,512,154,85,325,392,1
ISIC_0013355,ISIC_0013355.jpg,512,512,208,269,245,309,1
ISIC_0013356,ISIC_0013356.jpg,512,512,207,264,287,340,1
ISIC_0013359,ISIC_0013359.jpg,512,512,127,79,379,466,1
ISIC_0013360,ISIC_0013360.jpg,512,512,297,247,363,356,1
ISIC_0013364,ISIC_0013364.jpg,512,512,245,221,325,337,1
ISIC_0013365,ISIC_0013365.jpg,512,512,189,165,337,381,1
ISIC_0013369,ISIC_0013369.jpg,512,512,251,214,290,295,1
ISIC_0013371,ISIC_0013371.jpg,512,512,133,121,293,321,1
ISIC_0013374,ISIC_0013374.jpg,512,512,17,1,474,468,1
ISIC_0013378,ISIC_0013378.jpg,512,512,223,253,323,374,1
ISIC_0013383,ISIC_0013383.jpg,512,512,216,257,289,389,1
ISIC_0013385,ISIC_0013385.jpg,512,512,200,177,309,405,1
ISIC_0013390,ISIC_0013390.jpg,512,512,213,209,321,389,1
ISIC_0013393,ISIC_0013393.jpg,512,512,131,129,400,485,1
ISIC_0013394,ISIC_0013394.jpg,512,512,224,197,305,317,1
ISIC_0013395,ISIC_0013395.jpg,512,512,200,253,277,397,1
ISIC_0013397,ISIC_0013397.jpg,512,512,243,34,382,264,1
ISIC_0013398,ISIC_0013398.jpg,512,512,244,176,296,253,1
ISIC_0013399,ISIC_0013399.jpg,512,512,215,199,314,374,1
ISIC_0013400,ISIC_0013400.jpg,512,512,160,176,361,454,1
ISIC_0013403,ISIC_0013403.jpg,512,512,216,205,305,353,1
ISIC_0013405,ISIC_0013405.jpg,512,512,184,144,301,297,1
ISIC_0013410,ISIC_0013410.jpg,512,512,165,201,256,397,1
ISIC_0013411,ISIC_0013411.jpg,512,512,13,121,361,501,1
ISIC_0013414,ISIC_0013414.jpg,512,512,214,199,283,327,1
ISIC_0013416,ISIC_0013416.jpg,512,512,224,215,291,294,1
ISIC_0013417,ISIC_0013417.jpg,512,512,224,217,285,289,1
ISIC_0013423,ISIC_0013423.jpg,512,512,107,66,413,427,1
ISIC_0013424,ISIC_0013424.jpg,512,512,133,124,314,391,1
ISIC_0013425,ISIC_0013425.jpg,512,512,224,157,341,301,1
ISIC_0013427,ISIC_0013427.jpg,512,512,53,29,461,477,1
ISIC_0013428,ISIC_0013428.jpg,512,512,133,77,357,397,1
ISIC_0013429,ISIC_0013429.jpg,512,512,205,153,325,325,1
ISIC_0013430,ISIC_0013430.jpg,512,512,205,165,329,345,1
ISIC_0013432,ISIC_0013432.jpg,512,512,213,193,317,329,1
ISIC_0013433,ISIC_0013433.jpg,512,512,192,197,293,333,1
ISIC_0013434,ISIC_0013434.jpg,512,512,199,240,326,376,1
ISIC_0013437,ISIC_0013437.jpg,512,512,176,112,349,429,1
ISIC_0013438,ISIC_0013438.jpg,512,512,184,205,301,385,1
ISIC_0013443,ISIC_0013443.jpg,512,512,183,164,374,461,1
ISIC_0013455,ISIC_0013455.jpg,512,512,121,82,356,453,1
ISIC_0013456,ISIC_0013456.jpg,512,512,230,262,265,315,1
ISIC_0013457,ISIC_0013457.jpg,512,512,143,41,395,471,1
ISIC_0013458,ISIC_0013458.jpg,512,512,216,185,325,321,1
ISIC_0013459,ISIC_0013459.jpg,512,512,115,86,327,390,1
ISIC_0013461,ISIC_0013461.jpg,512,512,188,257,325,433,1
ISIC_0013465,ISIC_0013465.jpg,512,512,219,185,282,309,1
ISIC_0013472,ISIC_0013472.jpg,512,512,173,232,341,377,1
ISIC_0013473,ISIC_0013473.jpg,512,512,57,0,511,511,1
ISIC_0013474,ISIC_0013474.jpg,512,512,151,78,321,391,1
ISIC_0013480,ISIC_0013480.jpg,512,512,181,197,253,285,1
ISIC_0013487,ISIC_0013487.jpg,512,512,212,148,304,352,1
ISIC_0013488,ISIC_0013488.jpg,512,512,186,157,320,346,1
ISIC_0013489,ISIC_0013489.jpg,512,512,200,168,312,329,1
ISIC_0013490,ISIC_0013490.jpg,512,512,185,117,325,309,1
ISIC_0013491,ISIC_0013491.jpg,512,512,209,177,325,377,1
ISIC_0013492,ISIC_0013492.jpg,512,512,205,169,333,325,1
ISIC_0013493,ISIC_0013493.jpg,512,512,69,63,345,394,1
ISIC_0013494,ISIC_0013494.jpg,512,512,213,128,309,365,1
ISIC_0013495,ISIC_0013495.jpg,512,512,200,177,305,385,1
ISIC_0013498,ISIC_0013498.jpg,512,512,189,177,333,325,1
ISIC_0013499,ISIC_0013499.jpg,512,512,189,145,317,357,1
ISIC_0013500,ISIC_0013500.jpg,512,512,201,149,293,337,1
ISIC_0013501,ISIC_0013501.jpg,512,512,194,176,313,377,1
ISIC_0013511,ISIC_0013511.jpg,512,512,203,157,342,338,1
ISIC_0013512,ISIC_0013512.jpg,512,512,231,200,288,309,1
ISIC_0013516,ISIC_0013516.jpg,512,512,118,238,236,428,1
ISIC_0013517,ISIC_0013517.jpg,512,512,232,285,297,349,1
ISIC_0013518,ISIC_0013518.jpg,512,512,104,9,420,464,1
ISIC_0013523,ISIC_0013523.jpg,512,512,201,181,281,325,1
ISIC_0013525,ISIC_0013525.jpg,512,512,209,145,421,317,1
ISIC_0013526,ISIC_0013526.jpg,512,512,231,232,296,298,1
ISIC_0013527,ISIC_0013527.jpg,512,512,244,222,273,295,1
ISIC_0013529,ISIC_0013529.jpg,512,512,205,181,305,317,1
ISIC_0013549,ISIC_0013549.jpg,512,512,180,180,338,352,1
ISIC_0013552,ISIC_0013552.jpg,512,512,184,222,239,304,1
ISIC_0013553,ISIC_0013553.jpg,512,512,160,73,341,357,1
ISIC_0013554,ISIC_0013554.jpg,512,512,208,261,269,361,1
ISIC_0013558,ISIC_0013558.jpg,512,512,221,173,295,324,1
ISIC_0013559,ISIC_0013559.jpg,512,512,201,160,297,345,1
ISIC_0013561,ISIC_0013561.jpg,512,512,199,141,302,381,1
ISIC_0013562,ISIC_0013562.jpg,512,512,173,169,285,337,1
ISIC_0013565,ISIC_0013565.jpg,512,512,223,221,313,313,1
ISIC_0013567,ISIC_0013567.jpg,512,512,181,243,288,367,1
ISIC_0013568,ISIC_0013568.jpg,512,512,217,205,285,309,1
ISIC_0013572,ISIC_0013572.jpg,512,512,192,177,333,329,1
ISIC_0013573,ISIC_0013573.jpg,512,512,156,60,358,327,1
ISIC_0013577,ISIC_0013577.jpg,512,512,162,88,371,415,1
ISIC_0013578,ISIC_0013578.jpg,512,512,208,101,325,405,1
ISIC_0013579,ISIC_0013579.jpg,512,512,192,112,353,381,1
ISIC_0013580,ISIC_0013580.jpg,512,512,232,189,321,321,1
ISIC_0013581,ISIC_0013581.jpg,512,512,213,241,305,365,1
ISIC_0013585,ISIC_0013585.jpg,512,512,45,0,449,512,1
ISIC_0013588,ISIC_0013588.jpg,512,512,163,147,351,399,1
ISIC_0013592,ISIC_0013592.jpg,512,512,229,213,277,297,1
ISIC_0013594,ISIC_0013594.jpg,512,512,73,0,453,512,1
ISIC_0013595,ISIC_0013595.jpg,512,512,225,218,288,302,1
ISIC_0013596,ISIC_0013596.jpg,512,512,233,219,282,321,1
ISIC_0013597,ISIC_0013597.jpg,512,512,237,201,289,293,1
ISIC_0013599,ISIC_0013599.jpg,512,512,225,237,288,305,1
ISIC_0013600,ISIC_0013600.jpg,512,512,167,212,398,398,1
ISIC_0013601,ISIC_0013601.jpg,512,512,225,205,320,337,1
ISIC_0013602,ISIC_0013602.jpg,512,512,206,189,300,338,1
ISIC_0013603,ISIC_0013603.jpg,512,512,225,213,288,309,1
ISIC_0013606,ISIC_0013606.jpg,512,512,229,201,297,289,1
ISIC_0013610,ISIC_0013610.jpg,512,512,201,153,321,345,1
ISIC_0013615,ISIC_0013615.jpg,512,512,166,155,354,444,1
ISIC_0013617,ISIC_0013617.jpg,512,512,86,139,411,476,1
ISIC_0013618,ISIC_0013618.jpg,512,512,61,21,453,445,1
ISIC_0013621,ISIC_0013621.jpg,512,512,33,69,457,512,1
ISIC_0013626,ISIC_0013626.jpg,512,512,137,80,333,353,1
ISIC_0013634,ISIC_0013634.jpg,512,512,179,114,349,436,1
ISIC_0013635,ISIC_0013635.jpg,512,512,160,144,293,333,1
ISIC_0013636,ISIC_0013636.jpg,512,512,140,44,407,458,1
ISIC_0013637,ISIC_0013637.jpg,512,512,184,169,313,349,1
ISIC_0013639,ISIC_0013639.jpg,512,512,193,173,320,345,1
ISIC_0013643,ISIC_0013643.jpg,512,512,213,165,309,333,1
ISIC_0013644,ISIC_0013644.jpg,512,512,166,145,332,354,1
ISIC_0013651,ISIC_0013651.jpg,512,512,59,81,401,455,1
ISIC_0013652,ISIC_0013652.jpg,512,512,188,192,326,348,1
ISIC_0013656,ISIC_0013656.jpg,512,512,245,185,301,273,1
ISIC_0013663,ISIC_0013663.jpg,512,512,165,16,365,429,1
ISIC_0013664,ISIC_0013664.jpg,512,512,179,141,304,397,1
ISIC_0013667,ISIC_0013667.jpg,512,512,113,133,336,417,1
ISIC_0013670,ISIC_0013670.jpg,512,512,255,354,304,445,1
ISIC_0013671,ISIC_0013671.jpg,512,512,144,193,353,453,1
ISIC_0013672,ISIC_0013672.jpg,512,512,175,165,476,406,1
ISIC_0013673,ISIC_0013673.jpg,512,512,237,164,310,280,1
ISIC_0013674,ISIC_0013674.jpg,512,512,120,85,349,469,1
ISIC_0013675,ISIC_0013675.jpg,512,512,216,249,337,465,1
ISIC_0013676,ISIC_0013676.jpg,512,512,224,193,341,393,1
ISIC_0013678,ISIC_0013678.jpg,512,512,202,162,308,311,1
ISIC_0013680,ISIC_0013680.jpg,512,512,200,137,304,263,1
ISIC_0013684,ISIC_0013684.jpg,512,512,213,131,331,342,1
ISIC_0013685,ISIC_0013685.jpg,512,512,154,74,496,510,1
ISIC_0013688,ISIC_0013688.jpg,512,512,189,197,321,333,1
ISIC_0013689,ISIC_0013689.jpg,512,512,237,217,281,285,1
ISIC_0013690,ISIC_0013690.jpg,512,512,242,210,297,281,1
ISIC_0013691,ISIC_0013691.jpg,512,512,161,145,329,385,1
ISIC_0013695,ISIC_0013695.jpg,512,512,208,209,329,377,1
ISIC_0013696,ISIC_0013696.jpg,512,512,188,89,254,198,1
ISIC_0013702,ISIC_0013702.jpg,512,512,137,121,359,358,1
ISIC_0013708,ISIC_0013708.jpg,512,512,1,2,433,512,1
ISIC_0013709,ISIC_0013709.jpg,512,512,91,4,391,366,1
ISIC_0013712,ISIC_0013712.jpg,512,512,189,253,253,349,1
ISIC_0013713,ISIC_0013713.jpg,512,512,213,217,297,317,1
ISIC_0013719,ISIC_0013719.jpg,512,512,205,185,337,337,1
ISIC_0013721,ISIC_0013721.jpg,512,512,202,147,399,376,1
ISIC_0013733,ISIC_0013733.jpg,512,512,197,196,309,334,1
ISIC_0013736,ISIC_0013736.jpg,512,512,200,149,361,401,1
ISIC_0013737,ISIC_0013737.jpg,512,512,256,289,313,357,1
ISIC_0013738,ISIC_0013738.jpg,512,512,254,327,300,395,1
ISIC_0013739,ISIC_0013739.jpg,512,512,183,151,290,382,1
ISIC_0013740,ISIC_0013740.jpg,512,512,194,96,326,362,1
ISIC_0013747,ISIC_0013747.jpg,512,512,175,144,342,436,1
ISIC_0013748,ISIC_0013748.jpg,512,512,181,117,321,345,1
ISIC_0013749,ISIC_0013749.jpg,512,512,184,112,301,301,1
ISIC_0013758,ISIC_0013758.jpg,512,512,180,167,342,439,1
ISIC_0013762,ISIC_0013762.jpg,512,512,180,161,346,381,1
ISIC_0013765,ISIC_0013765.jpg,512,512,164,3,479,478,1
ISIC_0013766,ISIC_0013766.jpg,512,512,216,187,306,363,1
ISIC_0013767,ISIC_0013767.jpg,512,512,100,35,428,495,1
ISIC_0013772,ISIC_0013772.jpg,512,512,205,189,269,301,1
ISIC_0013775,ISIC_0013775.jpg,512,512,221,237,329,385,1
ISIC_0013777,ISIC_0013777.jpg,512,512,112,177,317,341,1
ISIC_0013778,ISIC_0013778.jpg,512,512,136,193,433,393,1
ISIC_0013782,ISIC_0013782.jpg,512,512,173,153,313,309,1
ISIC_0013783,ISIC_0013783.jpg,512,512,114,3,381,456,1
ISIC_0013789,ISIC_0013789.jpg,512,512,245,221,309,297,1
ISIC_0013792,ISIC_0013792.jpg,512,512,176,184,300,365,1
ISIC_0013793,ISIC_0013793.jpg,512,512,176,149,336,361,1
ISIC_0013794,ISIC_0013794.jpg,512,512,204,177,333,299,1
ISIC_0013795,ISIC_0013795.jpg,512,512,226,222,280,292,1
ISIC_0013796,ISIC_0013796.jpg,512,512,233,192,289,297,1
ISIC_0013797,ISIC_0013797.jpg,512,512,153,53,336,349,1
ISIC_0013798,ISIC_0013798.jpg,512,512,245,241,281,285,1
ISIC_0013799,ISIC_0013799.jpg,512,512,207,188,323,325,1
ISIC_0013800,ISIC_0013800.jpg,512,512,221,169,301,329,1
ISIC_0013801,ISIC_0013801.jpg,512,512,119,134,386,395,1
ISIC_0013802,ISIC_0013802.jpg,512,512,237,205,293,313,1
ISIC_0013803,ISIC_0013803.jpg,512,512,233,221,289,289,1
ISIC_0013804,ISIC_0013804.jpg,512,512,233,205,293,301,1
ISIC_0013805,ISIC_0013805.jpg,512,512,168,145,338,361,1
ISIC_0013806,ISIC_0013806.jpg,512,512,224,185,297,289,1
ISIC_0013807,ISIC_0013807.jpg,512,512,245,209,281,273,1
ISIC_0013808,ISIC_0013808.jpg,512,512,232,213,305,285,1
ISIC_0013809,ISIC_0013809.jpg,512,512,146,93,367,490,1
ISIC_0013813,ISIC_0013813.jpg,512,512,75,1,402,512,1
ISIC_0013815,ISIC_0013815.jpg,512,512,213,185,285,289,1
ISIC_0013816,ISIC_0013816.jpg,512,512,119,120,314,359,1
ISIC_0013817,ISIC_0013817.jpg,512,512,165,201,309,405,1
ISIC_0013819,ISIC_0013819.jpg,512,512,176,237,301,393,1
ISIC_0013828,ISIC_0013828.jpg,512,512,125,0,413,389,1
ISIC_0013830,ISIC_0013830.jpg,512,512,224,209,293,309,1
ISIC_0013831,ISIC_0013831.jpg,512,512,208,277,325,397,1
ISIC_0013832,ISIC_0013832.jpg,512,512,139,27,380,489,1
ISIC_0013833,ISIC_0013833.jpg,512,512,3,2,499,512,1
ISIC_0013835,ISIC_0013835.jpg,512,512,119,64,246,335,1
ISIC_0013836,ISIC_0013836.jpg,512,512,213,193,281,269,1
ISIC_0013837,ISIC_0013837.jpg,512,512,237,185,277,261,1
ISIC_0013839,ISIC_0013839.jpg,512,512,248,269,297,337,1
ISIC_0013840,ISIC_0013840.jpg,512,512,38,46,378,493,1
ISIC_0013842,ISIC_0013842.jpg,512,512,209,144,328,290,1
ISIC_0013843,ISIC_0013843.jpg,512,512,209,213,297,305,1
ISIC_0013844,ISIC_0013844.jpg,512,512,201,197,317,357,1
ISIC_0013861,ISIC_0013861.jpg,512,512,62,68,370,505,1
ISIC_0013862,ISIC_0013862.jpg,512,512,84,46,446,461,1
ISIC_0013863,ISIC_0013863.jpg,512,512,165,236,210,306,1
ISIC_0013865,ISIC_0013865.jpg,512,512,184,205,353,397,1
ISIC_0013867,ISIC_0013867.jpg,512,512,53,6,384,446,1
ISIC_0013874,ISIC_0013874.jpg,512,512,77,93,397,437,1
ISIC_0013879,ISIC_0013879.jpg,512,512,184,225,293,337,1
ISIC_0013886,ISIC_0013886.jpg,512,512,205,220,294,330,1
ISIC_0013888,ISIC_0013888.jpg,512,512,229,209,285,277,1
ISIC_0013891,ISIC_0013891.jpg,512,512,225,242,272,321,1
ISIC_0013896,ISIC_0013896.jpg,512,512,189,209,333,441,1
ISIC_0013897,ISIC_0013897.jpg,512,512,209,286,315,430,1
ISIC_0013898,ISIC_0013898.jpg,512,512,200,269,321,409,1
ISIC_0013908,ISIC_0013908.jpg,512,512,150,93,363,354,1
ISIC_0013910,ISIC_0013910.jpg,512,512,301,177,361,273,1
ISIC_0013911,ISIC_0013911.jpg,512,512,214,182,302,327,1
ISIC_0013917,ISIC_0013917.jpg,512,512,203,223,302,412,1
ISIC_0013918,ISIC_0013918.jpg,512,512,217,133,357,293,1
ISIC_0013921,ISIC_0013921.jpg,512,512,237,185,317,329,1
ISIC_0013922,ISIC_0013922.jpg,512,512,208,177,313,301,1
ISIC_0013925,ISIC_0013925.jpg,512,512,52,10,428,503,1
ISIC_0013929,ISIC_0013929.jpg,512,512,120,95,428,483,1
ISIC_0013935,ISIC_0013935.jpg,512,512,216,241,290,354,1
ISIC_0013936,ISIC_0013936.jpg,512,512,221,160,289,277,1
ISIC_0013942,ISIC_0013942.jpg,512,512,211,237,317,379,1
ISIC_0013946,ISIC_0013946.jpg,512,512,147,114,357,426,1
ISIC_0013948,ISIC_0013948.jpg,512,512,206,157,456,502,1
ISIC_0013953,ISIC_0013953.jpg,512,512,182,92,356,396,1
ISIC_0013958,ISIC_0013958.jpg,512,512,163,54,360,403,1
ISIC_0013961,ISIC_0013961.jpg,512,512,198,217,279,327,1
ISIC_0013962,ISIC_0013962.jpg,512,512,189,249,253,329,1
ISIC_0013966,ISIC_0013966.jpg,512,512,212,210,302,320,1
ISIC_0013967,ISIC_0013967.jpg,512,512,201,157,333,337,1
ISIC_0013969,ISIC_0013969.jpg,512,512,205,221,317,421,1
ISIC_0013970,ISIC_0013970.jpg,512,512,208,209,245,261,1
ISIC_0013972,ISIC_0013972.jpg,512,512,127,178,291,455,1
ISIC_0013975,ISIC_0013975.jpg,512,512,215,199,344,402,1
ISIC_0013977,ISIC_0013977.jpg,512,512,221,189,323,375,1
ISIC_0013980,ISIC_0013980.jpg,512,512,168,153,264,313,1
ISIC_0013981,ISIC_0013981.jpg,512,512,122,166,234,390,1
ISIC_0013982,ISIC_0013982.jpg,512,512,208,125,336,326,1
ISIC_0013983,ISIC_0013983.jpg,512,512,205,153,329,309,1
ISIC_0013984,ISIC_0013984.jpg,512,512,177,32,337,345,1
ISIC_0013986,ISIC_0013986.jpg,512,512,204,91,374,408,1
ISIC_0013987,ISIC_0013987.jpg,512,512,171,150,322,391,1
ISIC_0013988,ISIC_0013988.jpg,512,512,57,2,311,499,1
ISIC_0013995,ISIC_0013995.jpg,512,512,197,181,329,317,1
ISIC_0013996,ISIC_0013996.jpg,512,512,82,168,224,400,1
ISIC_0013997,ISIC_0013997.jpg,512,512,168,96,277,257,1
ISIC_0013998,ISIC_0013998.jpg,512,512,193,71,309,199,1
ISIC_0014001,ISIC_0014001.jpg,512,512,104,101,285,341,1
ISIC_0014013,ISIC_0014013.jpg,512,512,161,81,377,373,1
ISIC_0014026,ISIC_0014026.jpg,512,512,184,213,289,345,1
ISIC_0014027,ISIC_0014027.jpg,512,512,131,95,286,371,1
ISIC_0014028,ISIC_0014028.jpg,512,512,233,185,297,321,1
ISIC_0014029,ISIC_0014029.jpg,512,512,221,153,325,305,1
ISIC_0014032,ISIC_0014032.jpg,512,512,291,174,383,291,1
ISIC_0014037,ISIC_0014037.jpg,512,512,143,2,364,499,1
ISIC_0014044,ISIC_0014044.jpg,512,512,175,88,342,399,1
ISIC_0014046,ISIC_0014046.jpg,512,512,237,249,293,317,1
ISIC_0014049,ISIC_0014049.jpg,512,512,168,169,281,297,1
ISIC_0014059,ISIC_0014059.jpg,512,512,194,256,322,373,1
ISIC_0014062,ISIC_0014062.jpg,512,512,141,221,301,405,1
ISIC_0014066,ISIC_0014066.jpg,512,512,176,277,357,393,1
ISIC_0014069,ISIC_0014069.jpg,512,512,195,247,308,385,1
ISIC_0014072,ISIC_0014072.jpg,512,512,42,8,466,510,1
ISIC_0014073,ISIC_0014073.jpg,512,512,130,16,404,465,1
ISIC_0014076,ISIC_0014076.jpg,512,512,25,0,461,512,1
ISIC_0014077,ISIC_0014077.jpg,512,512,101,87,377,511,1
ISIC_0014080,ISIC_0014080.jpg,512,512,208,193,341,329,1
ISIC_0014081,ISIC_0014081.jpg,512,512,221,229,325,305,1
ISIC_0014089,ISIC_0014089.jpg,512,512,229,333,282,421,1
ISIC_0014090,ISIC_0014090.jpg,512,512,235,207,296,284,1
ISIC_0014092,ISIC_0014092.jpg,512,512,216,137,289,233,1
ISIC_0014093,ISIC_0014093.jpg,512,512,232,233,313,377,1
ISIC_0014094,ISIC_0014094.jpg,512,512,244,336,305,418,1
ISIC_0014099,ISIC_0014099.jpg,512,512,156,44,319,418,1
ISIC_0014103,ISIC_0014103.jpg,512,512,163,75,344,461,1
ISIC_0014108,ISIC_0014108.jpg,512,512,195,150,352,456,1
ISIC_0014110,ISIC_0014110.jpg,512,512,137,120,370,415,1
ISIC_0014114,ISIC_0014114.jpg,512,512,80,39,293,326,1
ISIC_0014117,ISIC_0014117.jpg,512,512,211,236,323,385,1
ISIC_0014127,ISIC_0014127.jpg,512,512,141,109,337,285,1
ISIC_0014129,ISIC_0014129.jpg,512,512,125,63,416,484,1
ISIC_0014131,ISIC_0014131.jpg,512,512,183,139,246,230,1
ISIC_0014132,ISIC_0014132.jpg,512,512,82,40,286,363,1
ISIC_0014133,ISIC_0014133.jpg,512,512,29,0,385,493,1
ISIC_0014136,ISIC_0014136.jpg,512,512,197,257,325,409,1
ISIC_0014139,ISIC_0014139.jpg,512,512,200,73,337,241,1
ISIC_0014144,ISIC_0014144.jpg,512,512,224,149,297,289,1
ISIC_0014149,ISIC_0014149.jpg,512,512,212,262,303,420,1
ISIC_0014150,ISIC_0014150.jpg,512,512,173,225,337,401,1
ISIC_0014151,ISIC_0014151.jpg,512,512,107,47,463,426,1
ISIC_0014156,ISIC_0014156.jpg,512,512,189,191,315,371,1
ISIC_0014157,ISIC_0014157.jpg,512,512,80,96,264,329,1
ISIC_0014158,ISIC_0014158.jpg,512,512,226,217,294,324,1
ISIC_0014160,ISIC_0014160.jpg,512,512,164,127,335,351,1
ISIC_0014162,ISIC_0014162.jpg,512,512,221,265,309,373,1
ISIC_0014163,ISIC_0014163.jpg,512,512,69,21,425,477,1
ISIC_0014164,ISIC_0014164.jpg,512,512,184,229,365,393,1
ISIC_0014166,ISIC_0014166.jpg,512,512,148,139,354,350,1
ISIC_0014169,ISIC_0014169.jpg,512,512,151,92,309,322,1
ISIC_0014171,ISIC_0014171.jpg,512,512,141,92,394,466,1
ISIC_0014173,ISIC_0014173.jpg,512,512,124,44,446,493,1
ISIC_0014174,ISIC_0014174.jpg,512,512,232,205,293,293,1
ISIC_0014178,ISIC_0014178.jpg,512,512,181,209,313,345,1
ISIC_0014181,ISIC_0014181.jpg,512,512,67,13,420,477,1
ISIC_0014183,ISIC_0014183.jpg,512,512,146,41,283,428,1
ISIC_0014185,ISIC_0014185.jpg,512,512,192,201,321,405,1
ISIC_0014186,ISIC_0014186.jpg,512,512,163,132,349,388,1
ISIC_0014187,ISIC_0014187.jpg,512,512,247,221,280,296,1
ISIC_0014189,ISIC_0014189.jpg,512,512,103,2,477,498,1
ISIC_0014190,ISIC_0014190.jpg,512,512,214,177,325,441,1
ISIC_0014195,ISIC_0014195.jpg,512,512,224,221,289,321,1
ISIC_0014197,ISIC_0014197.jpg,512,512,168,121,353,401,1
ISIC_0014211,ISIC_0014211.jpg,512,512,208,141,393,361,1
ISIC_0014217,ISIC_0014217.jpg,512,512,21,73,405,453,1
ISIC_0014219,ISIC_0014219.jpg,512,512,174,113,376,443,1
ISIC_0014221,ISIC_0014221.jpg,512,512,142,24,366,458,1
ISIC_0014222,ISIC_0014222.jpg,512,512,152,69,417,486,1
ISIC_0014225,ISIC_0014225.jpg,512,512,222,237,297,365,1
ISIC_0014229,ISIC_0014229.jpg,512,512,208,173,309,321,1
ISIC_0014233,ISIC_0014233.jpg,512,512,123,131,350,502,1
ISIC_0014238,ISIC_0014238.jpg,512,512,200,169,325,365,1
ISIC_0014248,ISIC_0014248.jpg,512,512,229,293,272,371,1
ISIC_0014249,ISIC_0014249.jpg,512,512,104,61,361,349,1
ISIC_0014253,ISIC_0014253.jpg,512,512,264,197,333,285,1
ISIC_0014255,ISIC_0014255.jpg,512,512,120,110,401,485,1
ISIC_0014263,ISIC_0014263.jpg,512,512,229,189,301,309,1
ISIC_0014270,ISIC_0014270.jpg,512,512,192,115,327,356,1
ISIC_0014273,ISIC_0014273.jpg,512,512,168,128,329,389,1
ISIC_0014274,ISIC_0014274.jpg,512,512,216,189,301,305,1
ISIC_0014284,ISIC_0014284.jpg,512,512,209,239,290,383,1
ISIC_0014286,ISIC_0014286.jpg,512,512,229,221,281,281,1
ISIC_0014288,ISIC_0014288.jpg,512,512,166,180,362,465,1
ISIC_0014289,ISIC_0014289.jpg,512,512,64,37,377,449,1
ISIC_0014290,ISIC_0014290.jpg,512,512,200,253,305,421,1
ISIC_0014291,ISIC_0014291.jpg,512,512,151,185,303,425,1
ISIC_0014299,ISIC_0014299.jpg,512,512,221,198,266,266,1
ISIC_0014302,ISIC_0014302.jpg,512,512,224,141,321,333,1
ISIC_0014308,ISIC_0014308.jpg,512,512,200,177,345,381,1
ISIC_0014311,ISIC_0014311.jpg,512,512,133,149,385,512,1
ISIC_0014316,ISIC_0014316.jpg,512,512,184,149,325,401,1
ISIC_0014317,ISIC_0014317.jpg,512,512,208,253,297,429,1
ISIC_0014324,ISIC_0014324.jpg,512,512,29,3,321,491,1
ISIC_0014325,ISIC_0014325.jpg,512,512,117,77,377,409,1
ISIC_0014327,ISIC_0014327.jpg,512,512,174,143,367,407,1
ISIC_0014328,ISIC_0014328.jpg,512,512,176,61,299,373,1
ISIC_0014331,ISIC_0014331.jpg,512,512,132,33,367,508,1
ISIC_0014336,ISIC_0014336.jpg,512,512,95,6,359,418,1
ISIC_0014337,ISIC_0014337.jpg,512,512,197,209,313,421,1
ISIC_0014346,ISIC_0014346.jpg,512,512,229,293,277,377,1
ISIC_0014347,ISIC_0014347.jpg,512,512,158,91,330,459,1
ISIC_0014349,ISIC_0014349.jpg,512,512,174,217,363,437,1
ISIC_0014353,ISIC_0014353.jpg,512,512,208,133,269,213,1
ISIC_0014357,ISIC_0014357.jpg,512,512,160,69,305,385,1
ISIC_0014360,ISIC_0014360.jpg,512,512,197,205,297,377,1
ISIC_0014361,ISIC_0014361.jpg,512,512,192,241,297,409,1
ISIC_0014365,ISIC_0014365.jpg,512,512,64,16,461,512,1
ISIC_0014366,ISIC_0014366.jpg,512,512,120,133,345,341,1
ISIC_0014372,ISIC_0014372.jpg,512,512,66,42,375,452,1
ISIC_0014382,ISIC_0014382.jpg,512,512,141,117,401,469,1
ISIC_0014385,ISIC_0014385.jpg,512,512,108,2,442,512,1
ISIC_0014386,ISIC_0014386.jpg,512,512,149,108,381,509,1
ISIC_0014392,ISIC_0014392.jpg,512,512,155,57,364,468,1
ISIC_0014393,ISIC_0014393.jpg,512,512,127,208,250,386,1
ISIC_0014394,ISIC_0014394.jpg,512,512,208,277,325,397,1
ISIC_0014395,ISIC_0014395.jpg,512,512,141,101,325,421,1
ISIC_0014397,ISIC_0014397.jpg,512,512,168,157,401,449,1
ISIC_0014410,ISIC_0014410.jpg,512,512,160,221,313,369,1
ISIC_0014419,ISIC_0014419.jpg,512,512,40,48,356,371,1
ISIC_0014422,ISIC_0014422.jpg,512,512,45,117,469,481,1
ISIC_0014423,ISIC_0014423.jpg,512,512,246,194,406,412,1
ISIC_0014428,ISIC_0014428.jpg,512,512,208,229,309,377,1
ISIC_0014430,ISIC_0014430.jpg,512,512,184,141,345,381,1
ISIC_0014431,ISIC_0014431.jpg,512,512,224,245,285,325,1
ISIC_0014433,ISIC_0014433.jpg,512,512,216,217,353,353,1
ISIC_0014434,ISIC_0014434.jpg,512,512,216,228,339,421,1
ISIC_0014438,ISIC_0014438.jpg,512,512,160,209,337,401,1
ISIC_0014440,ISIC_0014440.jpg,512,512,200,281,237,341,1
ISIC_0014441,ISIC_0014441.jpg,512,512,240,105,349,277,1
ISIC_0014453,ISIC_0014453.jpg,512,512,216,197,313,301,1
ISIC_0014454,ISIC_0014454.jpg,512,512,103,7,415,473,1
ISIC_0014457,ISIC_0014457.jpg,512,512,77,49,429,501,1
ISIC_0014458,ISIC_0014458.jpg,512,512,224,245,305,365,1
ISIC_0014469,ISIC_0014469.jpg,512,512,208,277,321,425,1
ISIC_0014470,ISIC_0014470.jpg,512,512,189,221,301,409,1
ISIC_0014473,ISIC_0014473.jpg,512,512,179,118,343,370,1
ISIC_0014475,ISIC_0014475.jpg,512,512,185,157,312,341,1
ISIC_0014476,ISIC_0014476.jpg,512,512,205,177,309,325,1
ISIC_0014478,ISIC_0014478.jpg,512,512,200,260,288,409,1
ISIC_0014480,ISIC_0014480.jpg,512,512,186,157,350,402,1
ISIC_0014486,ISIC_0014486.jpg,512,512,184,173,301,321,1
ISIC_0014489,ISIC_0014489.jpg,512,512,102,11,492,505,1
ISIC_0014490,ISIC_0014490.jpg,512,512,220,270,299,402,1
ISIC_0014498,ISIC_0014498.jpg,512,512,184,157,309,281,1
ISIC_0014500,ISIC_0014500.jpg,512,512,156,68,411,439,1
ISIC_0014501,ISIC_0014501.jpg,512,512,168,157,377,381,1
ISIC_0014502,ISIC_0014502.jpg,512,512,189,205,321,393,1
ISIC_0014503,ISIC_0014503.jpg,512,512,139,159,297,406,1
ISIC_0014506,ISIC_0014506.jpg,512,512,110,1,417,488,1
ISIC_0014507,ISIC_0014507.jpg,512,512,197,221,333,397,1
ISIC_0014511,ISIC_0014511.jpg,512,512,242,268,303,357,1
ISIC_0014513,ISIC_0014513.jpg,512,512,188,171,328,374,1
ISIC_0014518,ISIC_0014518.jpg,512,512,195,88,417,310,1
ISIC_0014522,ISIC_0014522.jpg,512,512,194,224,272,354,1
ISIC_0014525,ISIC_0014525.jpg,512,512,209,154,311,306,1
ISIC_0014526,ISIC_0014526.jpg,512,512,213,209,309,341,1
ISIC_0014527,ISIC_0014527.jpg,512,512,142,66,420,502,1
ISIC_0014529,ISIC_0014529.jpg,512,512,205,249,245,309,1
ISIC_0014535,ISIC_0014535.jpg,512,512,189,165,333,405,1
ISIC_0014537,ISIC_0014537.jpg,512,512,113,100,326,458,1
ISIC_0014541,ISIC_0014541.jpg,512,512,241,40,480,418,1
ISIC_0014542,ISIC_0014542.jpg,512,512,195,28,482,347,1
ISIC_0014543,ISIC_0014543.jpg,512,512,168,233,305,433,1
ISIC_0014545,ISIC_0014545.jpg,512,512,168,233,281,409,1
ISIC_0014546,ISIC_0014546.jpg,512,512,70,5,472,509,1
ISIC_0014547,ISIC_0014547.jpg,512,512,221,370,258,433,1
ISIC_0014548,ISIC_0014548.jpg,512,512,176,175,386,482,1
ISIC_0014554,ISIC_0014554.jpg,512,512,216,81,397,381,1
ISIC_0014558,ISIC_0014558.jpg,512,512,149,101,349,429,1
ISIC_0014559,ISIC_0014559.jpg,512,512,111,16,368,428,1
ISIC_0014567,ISIC_0014567.jpg,512,512,163,166,361,358,1
ISIC_0014572,ISIC_0014572.jpg,512,512,189,160,313,321,1
ISIC_0014573,ISIC_0014573.jpg,512,512,199,147,291,329,1
ISIC_0014574,ISIC_0014574.jpg,512,512,191,177,298,329,1
ISIC_0014576,ISIC_0014576.jpg,512,512,169,181,297,365,1
ISIC_0014577,ISIC_0014577.jpg,512,512,128,160,333,401,1
ISIC_0014580,ISIC_0014580.jpg,512,512,132,25,286,485,1
ISIC_0014581,ISIC_0014581.jpg,512,512,139,79,319,510,1
ISIC_0014583,ISIC_0014583.jpg,512,512,156,172,273,331,1
ISIC_0014585,ISIC_0014585.jpg,512,512,197,128,277,264,1
ISIC_0014586,ISIC_0014586.jpg,512,512,157,64,404,392,1
ISIC_0014587,ISIC_0014587.jpg,512,512,184,214,299,365,1
ISIC_0014596,ISIC_0014596.jpg,512,512,193,205,273,285,1
ISIC_0014599,ISIC_0014599.jpg,512,512,125,81,440,456,1
ISIC_0014600,ISIC_0014600.jpg,512,512,175,163,314,320,1
ISIC_0014601,ISIC_0014601.jpg,512,512,112,119,312,372,1
ISIC_0014603,ISIC_0014603.jpg,512,512,192,178,391,508,1
ISIC_0014605,ISIC_0014605.jpg,512,512,161,0,429,505,1
ISIC_0014609,ISIC_0014609.jpg,512,512,85,0,353,461,1
ISIC_0014610,ISIC_0014610.jpg,512,512,213,197,321,341,1
ISIC_0014617,ISIC_0014617.jpg,512,512,197,221,281,321,1
ISIC_0014619,ISIC_0014619.jpg,512,512,212,191,368,376,1
ISIC_0014623,ISIC_0014623.jpg,512,512,37,45,445,445,1
ISIC_0014624,ISIC_0014624.jpg,512,512,149,125,277,421,1
ISIC_0014625,ISIC_0014625.jpg,512,512,63,127,470,387,1
ISIC_0014628,ISIC_0014628.jpg,512,512,173,160,329,385,1
ISIC_0014632,ISIC_0014632.jpg,512,512,229,221,289,277,1
ISIC_0014633,ISIC_0014633.jpg,512,512,225,185,285,293,1
ISIC_0014635,ISIC_0014635.jpg,512,512,163,180,322,494,1
ISIC_0014637,ISIC_0014637.jpg,512,512,172,138,303,305,1
ISIC_0014639,ISIC_0014639.jpg,512,512,132,169,343,375,1
ISIC_0014640,ISIC_0014640.jpg,512,512,137,125,385,361,1
ISIC_0014642,ISIC_0014642.jpg,512,512,137,109,309,321,1
ISIC_0014643,ISIC_0014643.jpg,512,512,187,84,370,396,1
ISIC_0014651,ISIC_0014651.jpg,512,512,149,173,273,313,1
ISIC_0014652,ISIC_0014652.jpg,512,512,9,2,452,512,1
ISIC_0014657,ISIC_0014657.jpg,512,512,153,89,337,297,1
ISIC_0014658,ISIC_0014658.jpg,512,512,181,169,417,453,1
ISIC_0014661,ISIC_0014661.jpg,512,512,145,133,361,384,1
ISIC_0014663,ISIC_0014663.jpg,512,512,113,0,454,482,1
ISIC_0014664,ISIC_0014664.jpg,512,512,75,2,413,511,1
ISIC_0014665,ISIC_0014665.jpg,512,512,229,185,405,389,1
ISIC_0014666,ISIC_0014666.jpg,512,512,29,46,428,511,1
ISIC_0014667,ISIC_0014667.jpg,512,512,181,117,336,373,1
ISIC_0014675,ISIC_0014675.jpg,512,512,158,136,339,373,1
ISIC_0014677,ISIC_0014677.jpg,512,512,143,27,358,373,1
ISIC_0014680,ISIC_0014680.jpg,512,512,133,93,397,409,1
ISIC_0014682,ISIC_0014682.jpg,512,512,13,25,485,512,1
ISIC_0014683,ISIC_0014683.jpg,512,512,101,101,401,389,1
ISIC_0014684,ISIC_0014684.jpg,512,512,202,132,319,349,1
ISIC_0014685,ISIC_0014685.jpg,512,512,269,177,373,305,1
ISIC_0014687,ISIC_0014687.jpg,512,512,155,8,432,444,1
ISIC_0014688,ISIC_0014688.jpg,512,512,5,0,512,512,1
ISIC_0014692,ISIC_0014692.jpg,512,512,229,225,405,405,1
ISIC_0014693,ISIC_0014693.jpg,512,512,33,41,481,512,1
ISIC_0014694,ISIC_0014694.jpg,512,512,109,13,345,465,1
ISIC_0014696,ISIC_0014696.jpg,512,512,45,65,445,497,1
ISIC_0014697,ISIC_0014697.jpg,512,512,142,74,323,384,1
ISIC_0014698,ISIC_0014698.jpg,512,512,179,100,333,328,1
ISIC_0014702,ISIC_0014702.jpg,512,512,163,158,301,379,1
ISIC_0014703,ISIC_0014703.jpg,512,512,1,1,469,512,1
ISIC_0014707,ISIC_0014707.jpg,512,512,185,85,333,357,1
ISIC_0014708,ISIC_0014708.jpg,512,512,113,41,353,421,1
ISIC_0014713,ISIC_0014713.jpg,512,512,85,113,329,469,1
ISIC_0014714,ISIC_0014714.jpg,512,512,29,0,512,512,1
ISIC_0014715,ISIC_0014715.jpg,512,512,157,153,345,416,1
ISIC_0014716,ISIC_0014716.jpg,512,512,53,49,358,494,1
ISIC_0014720,ISIC_0014720.jpg,512,512,81,9,476,433,1
ISIC_0014722,ISIC_0014722.jpg,512,512,45,13,429,512,1
ISIC_0014723,ISIC_0014723.jpg,512,512,65,13,389,457,1
ISIC_0014724,ISIC_0014724.jpg,512,512,21,0,509,497,1
ISIC_0014725,ISIC_0014725.jpg,512,512,89,62,419,447,1
ISIC_0014726,ISIC_0014726.jpg,512,512,91,51,413,510,1
ISIC_0014728,ISIC_0014728.jpg,512,512,78,16,441,502,1
ISIC_0014729,ISIC_0014729.jpg,512,512,49,18,453,508,1
ISIC_0014730,ISIC_0014730.jpg,512,512,169,108,352,334,1
ISIC_0014731,ISIC_0014731.jpg,512,512,161,146,339,370,1
ISIC_0014735,ISIC_0014735.jpg,512,512,45,0,461,512,1
ISIC_0014739,ISIC_0014739.jpg,512,512,133,141,365,405,1
ISIC_0014740,ISIC_0014740.jpg,512,512,69,5,471,512,1
ISIC_0014742,ISIC_0014742.jpg,512,512,45,9,457,493,1
ISIC_0014743,ISIC_0014743.jpg,512,512,18,85,434,425,1
ISIC_0014745,ISIC_0014745.jpg,512,512,109,109,368,449,1
ISIC_0014746,ISIC_0014746.jpg,512,512,72,0,478,476,1
ISIC_0014748,ISIC_0014748.jpg,512,512,97,13,413,512,1
ISIC_0014749,ISIC_0014749.jpg,512,512,65,100,421,475,1
ISIC_0014753,ISIC_0014753.jpg,512,512,72,0,427,512,1
ISIC_0014754,ISIC_0014754.jpg,512,512,89,81,361,493,1
ISIC_0014755,ISIC_0014755.jpg,512,512,99,59,386,397,1
ISIC_0014760,ISIC_0014760.jpg,512,512,0,53,489,501,1
ISIC_0014762,ISIC_0014762.jpg,512,512,0,0,501,473,1
ISIC_0014763,ISIC_0014763.jpg,512,512,38,28,454,495,1
ISIC_0014765,ISIC_0014765.jpg,512,512,109,81,451,447,1
ISIC_0014768,ISIC_0014768.jpg,512,512,192,121,363,371,1
ISIC_0014769,ISIC_0014769.jpg,512,512,101,41,417,489,1
ISIC_0014770,ISIC_0014770.jpg,512,512,105,133,305,377,1
ISIC_0014771,ISIC_0014771.jpg,512,512,29,41,472,436,1
ISIC_0014772,ISIC_0014772.jpg,512,512,49,37,413,482,1
ISIC_0014773,ISIC_0014773.jpg,512,512,141,159,408,441,1
ISIC_0014775,ISIC_0014775.jpg,512,512,53,45,504,512,1
ISIC_0014778,ISIC_0014778.jpg,512,512,149,185,297,369,1
ISIC_0014779,ISIC_0014779.jpg,512,512,137,81,369,373,1
ISIC_0014780,ISIC_0014780.jpg,512,512,89,142,366,465,1
ISIC_0014782,ISIC_0014782.jpg,512,512,101,125,389,397,1
ISIC_0014783,ISIC_0014783.jpg,512,512,105,77,425,397,1
ISIC_0014784,ISIC_0014784.jpg,512,512,0,0,460,472,1
ISIC_0014785,ISIC_0014785.jpg,512,512,113,105,385,441,1
ISIC_0014786,ISIC_0014786.jpg,512,512,76,22,482,487,1
ISIC_0014787,ISIC_0014787.jpg,512,512,23,0,512,472,1
ISIC_0014788,ISIC_0014788.jpg,512,512,225,69,427,310,1
ISIC_0014790,ISIC_0014790.jpg,512,512,1,1,495,512,1
ISIC_0014791,ISIC_0014791.jpg,512,512,65,0,441,512,1
ISIC_0014792,ISIC_0014792.jpg,512,512,174,138,282,283,1
ISIC_0014794,ISIC_0014794.jpg,512,512,85,6,367,511,1
ISIC_0014795,ISIC_0014795.jpg,512,512,149,133,357,461,1
ISIC_0014796,ISIC_0014796.jpg,512,512,152,194,359,452,1
ISIC_0014797,ISIC_0014797.jpg,512,512,255,131,355,274,1
ISIC_0014798,ISIC_0014798.jpg,512,512,108,68,467,409,1
ISIC_0014800,ISIC_0014800.jpg,512,512,149,22,394,426,1
ISIC_0014802,ISIC_0014802.jpg,512,512,178,120,363,390,1
ISIC_0014803,ISIC_0014803.jpg,512,512,33,0,465,473,1
ISIC_0014804,ISIC_0014804.jpg,512,512,133,89,361,421,1
ISIC_0014805,ISIC_0014805.jpg,512,512,141,145,297,305,1
ISIC_0014806,ISIC_0014806.jpg,512,512,177,125,421,421,1
ISIC_0014807,ISIC_0014807.jpg,512,512,17,0,512,512,1
ISIC_0014808,ISIC_0014808.jpg,512,512,133,81,389,397,1
ISIC_0014809,ISIC_0014809.jpg,512,512,137,165,349,437,1
ISIC_0014812,ISIC_0014812.jpg,512,512,141,141,305,301,1
ISIC_0014814,ISIC_0014814.jpg,512,512,106,133,352,347,1
ISIC_0014815,ISIC_0014815.jpg,512,512,166,39,421,399,1
ISIC_0014818,ISIC_0014818.jpg,512,512,45,85,509,453,1
ISIC_0014820,ISIC_0014820.jpg,512,512,201,156,316,307,1
ISIC_0014821,ISIC_0014821.jpg,512,512,229,149,405,441,1
ISIC_0014823,ISIC_0014823.jpg,512,512,225,193,361,393,1
ISIC_0014825,ISIC_0014825.jpg,512,512,81,85,417,489,1
ISIC_0014826,ISIC_0014826.jpg,512,512,77,3,435,463,1
ISIC_0014829,ISIC_0014829.jpg,512,512,181,121,309,369,1
ISIC_0014830,ISIC_0014830.jpg,512,512,53,51,353,446,1
ISIC_0014831,ISIC_0014831.jpg,512,512,73,61,433,405,1
ISIC_0014832,ISIC_0014832.jpg,512,512,93,53,393,405,1
ISIC_0014833,ISIC_0014833.jpg,512,512,9,3,493,510,1
ISIC_0014834,ISIC_0014834.jpg,512,512,157,69,393,377,1
ISIC_0014835,ISIC_0014835.jpg,512,512,49,50,381,496,1
ISIC_0014836,ISIC_0014836.jpg,512,512,111,102,379,411,1
ISIC_0014838,ISIC_0014838.jpg,512,512,69,25,453,489,1
ISIC_0014839,ISIC_0014839.jpg,512,512,217,17,393,321,1
ISIC_0014843,ISIC_0014843.jpg,512,512,91,58,370,427,1
ISIC_0014844,ISIC_0014844.jpg,512,512,164,106,371,382,1
ISIC_0014845,ISIC_0014845.jpg,512,512,157,97,337,377,1
ISIC_0014846,ISIC_0014846.jpg,512,512,53,9,453,501,1
ISIC_0014848,ISIC_0014848.jpg,512,512,189,153,345,373,1
ISIC_0014849,ISIC_0014849.jpg,512,512,161,33,429,389,1
ISIC_0014850,ISIC_0014850.jpg,512,512,194,77,376,397,1
ISIC_0014851,ISIC_0014851.jpg,512,512,189,149,425,441,1
ISIC_0014853,ISIC_0014853.jpg,512,512,146,155,320,331,1
ISIC_0014854,ISIC_0014854.jpg,512,512,73,18,450,468,1
ISIC_0014855,ISIC_0014855.jpg,512,512,89,173,369,473,1
ISIC_0014857,ISIC_0014857.jpg,512,512,85,0,489,512,1
ISIC_0014860,ISIC_0014860.jpg,512,512,151,91,404,435,1
ISIC_0014862,ISIC_0014862.jpg,512,512,39,89,501,512,1
ISIC_0014863,ISIC_0014863.jpg,512,512,143,138,353,424,1
ISIC_0014867,ISIC_0014867.jpg,512,512,122,130,342,365,1
ISIC_0014868,ISIC_0014868.jpg,512,512,64,25,442,512,1
ISIC_0014869,ISIC_0014869.jpg,512,512,117,61,369,473,1
ISIC_0014872,ISIC_0014872.jpg,512,512,5,4,414,512,1
ISIC_0014876,ISIC_0014876.jpg,512,512,50,27,373,481,1
ISIC_0014879,ISIC_0014879.jpg,512,512,192,150,274,288,1
ISIC_0014883,ISIC_0014883.jpg,512,512,103,80,438,512,1
ISIC_0014890,ISIC_0014890.jpg,512,512,177,133,341,385,1
ISIC_0014891,ISIC_0014891.jpg,512,512,37,21,473,465,1
ISIC_0014897,ISIC_0014897.jpg,512,512,217,93,433,449,1
ISIC_0014898,ISIC_0014898.jpg,512,512,85,41,448,456,1
ISIC_0014901,ISIC_0014901.jpg,512,512,94,75,338,403,1
ISIC_0014903,ISIC_0014903.jpg,512,512,153,137,477,365,1
ISIC_0014904,ISIC_0014904.jpg,512,512,149,117,377,421,1
ISIC_0014907,ISIC_0014907.jpg,512,512,137,132,346,374,1
ISIC_0014908,ISIC_0014908.jpg,512,512,165,104,367,350,1
ISIC_0014910,ISIC_0014910.jpg,512,512,95,0,478,488,1
ISIC_0014911,ISIC_0014911.jpg,512,512,108,23,441,510,1
ISIC_0014912,ISIC_0014912.jpg,512,512,0,59,512,504,1
ISIC_0014913,ISIC_0014913.jpg,512,512,57,93,441,469,1
ISIC_0014915,ISIC_0014915.jpg,512,512,81,29,449,485,1
ISIC_0014919,ISIC_0014919.jpg,512,512,113,109,321,421,1
ISIC_0014920,ISIC_0014920.jpg,512,512,125,129,341,337,1
ISIC_0014921,ISIC_0014921.jpg,512,512,120,113,384,454,1
ISIC_0014922,ISIC_0014922.jpg,512,512,113,0,477,385,1
ISIC_0014923,ISIC_0014923.jpg,512,512,193,181,341,377,1
ISIC_0014925,ISIC_0014925.jpg,512,512,197,165,353,393,1
ISIC_0014926,ISIC_0014926.jpg,512,512,153,117,357,441,1
ISIC_0014927,ISIC_0014927.jpg,512,512,23,10,455,508,1
ISIC_0014928,ISIC_0014928.jpg,512,512,233,162,370,416,1
ISIC_0014929,ISIC_0014929.jpg,512,512,189,185,297,353,1
ISIC_0014930,ISIC_0014930.jpg,512,512,128,145,353,389,1
ISIC_0014931,ISIC_0014931.jpg,512,512,48,113,368,449,1
ISIC_0014932,ISIC_0014932.jpg,512,512,133,0,512,512,1
ISIC_0014933,ISIC_0014933.jpg,512,512,245,121,357,317,1
ISIC_0014936,ISIC_0014936.jpg,512,512,86,76,330,442,1
ISIC_0014937,ISIC_0014937.jpg,512,512,45,0,493,512,1
ISIC_0014938,ISIC_0014938.jpg,512,512,121,95,389,416,1
ISIC_0014940,ISIC_0014940.jpg,512,512,132,79,393,459,1
ISIC_0014941,ISIC_0014941.jpg,512,512,99,91,379,496,1
ISIC_0014942,ISIC_0014942.jpg,512,512,111,139,301,347,1
ISIC_0014943,ISIC_0014943.jpg,512,512,122,89,375,329,1
ISIC_0014944,ISIC_0014944.jpg,512,512,193,120,385,368,1
ISIC_0014945,ISIC_0014945.jpg,512,512,169,217,301,357,1
ISIC_0014946,ISIC_0014946.jpg,512,512,125,53,381,477,1
ISIC_0014947,ISIC_0014947.jpg,512,512,168,105,396,445,1
ISIC_0014948,ISIC_0014948.jpg,512,512,0,0,497,512,1
ISIC_0014949,ISIC_0014949.jpg,512,512,83,34,399,461,1
ISIC_0014951,ISIC_0014951.jpg,512,512,49,13,469,512,1
ISIC_0014952,ISIC_0014952.jpg,512,512,75,69,389,452,1
ISIC_0014955,ISIC_0014955.jpg,512,512,186,162,347,449,1
ISIC_0014956,ISIC_0014956.jpg,512,512,114,31,408,425,1
ISIC_0014957,ISIC_0014957.jpg,512,512,88,75,396,512,1
ISIC_0014958,ISIC_0014958.jpg,512,512,78,62,490,406,1
ISIC_0014961,ISIC_0014961.jpg,512,512,79,16,491,512,1
ISIC_0014962,ISIC_0014962.jpg,512,512,120,11,482,462,1
ISIC_0014963,ISIC_0014963.jpg,512,512,0,2,512,486,1
ISIC_0014964,ISIC_0014964.jpg,512,512,98,32,483,422,1
ISIC_0014966,ISIC_0014966.jpg,512,512,112,0,471,422,1
ISIC_0014968,ISIC_0014968.jpg,512,512,90,30,512,456,1
ISIC_0014969,ISIC_0014969.jpg,512,512,126,59,437,405,1
ISIC_0014973,ISIC_0014973.jpg,512,512,21,2,436,512,1
ISIC_0014974,ISIC_0014974.jpg,512,512,144,153,350,453,1
ISIC_0014975,ISIC_0014975.jpg,512,512,86,20,397,498,1
ISIC_0014979,ISIC_0014979.jpg,512,512,160,1,512,495,1
ISIC_0014982,ISIC_0014982.jpg,512,512,104,126,426,512,1
ISIC_0014983,ISIC_0014983.jpg,512,512,93,89,413,505,1
ISIC_0014985,ISIC_0014985.jpg,512,512,0,45,448,496,1
ISIC_0014987,ISIC_0014987.jpg,512,512,169,97,389,445,1
ISIC_0014989,ISIC_0014989.jpg,512,512,133,73,365,477,1
ISIC_0014992,ISIC_0014992.jpg,512,512,142,76,431,446,1
ISIC_0014994,ISIC_0014994.jpg,512,512,199,87,366,282,1
ISIC_0014998,ISIC_0014998.jpg,512,512,107,9,453,435,1
ISIC_0015002,ISIC_0015002.jpg,512,512,89,0,428,512,1
ISIC_0015003,ISIC_0015003.jpg,512,512,63,94,465,512,1
ISIC_0015005,ISIC_0015005.jpg,512,512,62,78,294,440,1
ISIC_0015007,ISIC_0015007.jpg,512,512,63,92,361,413,1
ISIC_0015008,ISIC_0015008.jpg,512,512,0,0,512,512,1
ISIC_0015009,ISIC_0015009.jpg,512,512,0,0,512,464,1
ISIC_0015011,ISIC_0015011.jpg,512,512,51,0,512,512,1
ISIC_0015013,ISIC_0015013.jpg,512,512,77,0,479,512,1
ISIC_0015015,ISIC_0015015.jpg,512,512,133,2,470,471,1
ISIC_0015016,ISIC_0015016.jpg,512,512,49,0,480,476,1
ISIC_0015018,ISIC_0015018.jpg,512,512,158,128,359,429,1
ISIC_0015019,ISIC_0015019.jpg,512,512,74,0,442,467,1
ISIC_0015020,ISIC_0015020.jpg,512,512,59,3,461,510,1
ISIC_0015021,ISIC_0015021.jpg,512,512,168,123,406,456,1
ISIC_0015023,ISIC_0015023.jpg,512,512,142,110,380,394,1
ISIC_0015026,ISIC_0015026.jpg,512,512,193,156,290,305,1
ISIC_0015030,ISIC_0015030.jpg,512,512,99,112,384,378,1
ISIC_0015031,ISIC_0015031.jpg,512,512,106,1,465,358,1
ISIC_0015032,ISIC_0015032.jpg,512,512,209,149,473,449,1
ISIC_0015034,ISIC_0015034.jpg,512,512,179,136,403,392,1
ISIC_0015035,ISIC_0015035.jpg,512,512,200,203,295,327,1
ISIC_0015037,ISIC_0015037.jpg,512,512,42,0,463,512,1
ISIC_0015040,ISIC_0015040.jpg,512,512,175,180,324,353,1
ISIC_0015041,ISIC_0015041.jpg,512,512,101,152,339,408,1
ISIC_0015043,ISIC_0015043.jpg,512,512,121,37,393,465,1
ISIC_0015044,ISIC_0015044.jpg,512,512,73,65,309,449,1
ISIC_0015046,ISIC_0015046.jpg,512,512,83,55,427,478,1
ISIC_0015050,ISIC_0015050.jpg,512,512,0,0,479,512,1
ISIC_0015051,ISIC_0015051.jpg,512,512,90,41,375,427,1
ISIC_0015056,ISIC_0015056.jpg,512,512,21,20,461,462,1
ISIC_0015057,ISIC_0015057.jpg,512,512,89,14,385,407,1
ISIC_0015060,ISIC_0015060.jpg,512,512,112,24,366,470,1
ISIC_0015062,ISIC_0015062.jpg,512,512,0,0,512,512,1
ISIC_0015064,ISIC_0015064.jpg,512,512,0,0,453,512,1
ISIC_0015071,ISIC_0015071.jpg,512,512,136,100,446,441,1
ISIC_0015078,ISIC_0015078.jpg,512,512,106,4,434,511,1
ISIC_0015079,ISIC_0015079.jpg,512,512,129,61,345,345,1
ISIC_0015082,ISIC_0015082.jpg,512,512,21,101,409,512,1
ISIC_0015089,ISIC_0015089.jpg,512,512,46,33,448,510,1
ISIC_0015102,ISIC_0015102.jpg,512,512,31,5,490,512,1
ISIC_0015108,ISIC_0015108.jpg,512,512,157,33,493,509,1
ISIC_0015109,ISIC_0015109.jpg,512,512,77,113,421,473,1
ISIC_0015110,ISIC_0015110.jpg,512,512,73,73,425,397,1
ISIC_0015113,ISIC_0015113.jpg,512,512,109,141,321,485,1
ISIC_0015115,ISIC_0015115.jpg,512,512,62,30,419,462,1
ISIC_0015118,ISIC_0015118.jpg,512,512,36,1,406,512,1
ISIC_0015124,ISIC_0015124.jpg,512,512,69,65,433,489,1
ISIC_0015125,ISIC_0015125.jpg,512,512,139,159,376,439,1
ISIC_0015127,ISIC_0015127.jpg,512,512,103,73,384,445,1
ISIC_0015129,ISIC_0015129.jpg,512,512,134,95,354,403,1
ISIC_0015130,ISIC_0015130.jpg,512,512,88,61,393,439,1
ISIC_0015132,ISIC_0015132.jpg,512,512,71,29,467,506,1
ISIC_0015133,ISIC_0015133.jpg,512,512,210,30,459,407,1
ISIC_0015136,ISIC_0015136.jpg,512,512,90,84,393,471,1
ISIC_0015139,ISIC_0015139.jpg,512,512,140,111,320,344,1
ISIC_0015140,ISIC_0015140.jpg,512,512,3,0,481,500,1
ISIC_0015142,ISIC_0015142.jpg,512,512,81,1,428,476,1
ISIC_0015144,ISIC_0015144.jpg,512,512,209,37,345,293,1
ISIC_0015146,ISIC_0015146.jpg,512,512,122,89,355,483,1
ISIC_0015149,ISIC_0015149.jpg,512,512,95,0,442,475,1
ISIC_0015150,ISIC_0015150.jpg,512,512,99,0,406,451,1
ISIC_0015152,ISIC_0015152.jpg,512,512,140,53,407,455,1
ISIC_0015153,ISIC_0015153.jpg,512,512,28,6,486,509,1
ISIC_0015155,ISIC_0015155.jpg,512,512,112,98,345,493,1
ISIC_0015156,ISIC_0015156.jpg,512,512,74,170,475,512,1
ISIC_0015157,ISIC_0015157.jpg,512,512,52,120,458,495,1
ISIC_0015158,ISIC_0015158.jpg,512,512,222,185,404,442,1
ISIC_0015160,ISIC_0015160.jpg,512,512,85,41,432,449,1
ISIC_0015161,ISIC_0015161.jpg,512,512,88,0,386,442,1
ISIC_0015163,ISIC_0015163.jpg,512,512,180,2,398,512,1
ISIC_0015166,ISIC_0015166.jpg,512,512,137,21,485,512,1
ISIC_0015167,ISIC_0015167.jpg,512,512,0,0,512,486,1
ISIC_0015170,ISIC_0015170.jpg,512,512,96,73,389,449,1
ISIC_0015171,ISIC_0015171.jpg,512,512,0,0,512,512,1
ISIC_0015173,ISIC_0015173.jpg,512,512,31,0,379,474,1
ISIC_0015174,ISIC_0015174.jpg,512,512,94,86,388,351,1
ISIC_0015175,ISIC_0015175.jpg,512,512,123,220,381,510,1
ISIC_0015176,ISIC_0015176.jpg,512,512,27,38,404,512,1
ISIC_0015179,ISIC_0015179.jpg,512,512,67,45,374,428,1
ISIC_0015180,ISIC_0015180.jpg,512,512,56,100,368,393,1
ISIC_0015184,ISIC_0015184.jpg,512,512,135,139,391,387,1
ISIC_0015185,ISIC_0015185.jpg,512,512,74,0,441,512,1
ISIC_0015189,ISIC_0015189.jpg,512,512,117,101,381,457,1
ISIC_0015190,ISIC_0015190.jpg,512,512,65,17,417,481,1
ISIC_0015193,ISIC_0015193.jpg,512,512,66,60,448,471,1
ISIC_0015200,ISIC_0015200.jpg,512,512,25,9,512,512,1
ISIC_0015201,ISIC_0015201.jpg,512,512,64,96,388,399,1
ISIC_0015202,ISIC_0015202.jpg,512,512,126,138,333,391,1
ISIC_0015203,ISIC_0015203.jpg,512,512,2,4,493,511,1
ISIC_0015204,ISIC_0015204.jpg,512,512,53,49,425,512,1
ISIC_0015206,ISIC_0015206.jpg,512,512,129,33,343,345,1
ISIC_0015207,ISIC_0015207.jpg,512,512,133,59,420,422,1
ISIC_0015208,ISIC_0015208.jpg,512,512,133,46,467,508,1
ISIC_0015211,ISIC_0015211.jpg,512,512,87,1,468,511,1
ISIC_0015212,ISIC_0015212.jpg,512,512,188,171,345,362,1
ISIC_0015215,ISIC_0015215.jpg,512,512,156,83,366,429,1
ISIC_0015216,ISIC_0015216.jpg,512,512,8,2,512,512,1
ISIC_0015218,ISIC_0015218.jpg,512,512,66,101,373,463,1
ISIC_0015219,ISIC_0015219.jpg,512,512,117,77,405,429,1
ISIC_0015220,ISIC_0015220.jpg,512,512,45,0,509,512,1
ISIC_0015223,ISIC_0015223.jpg,512,512,171,186,281,365,1
ISIC_0015224,ISIC_0015224.jpg,512,512,9,2,486,511,1
ISIC_0015226,ISIC_0015226.jpg,512,512,187,151,275,284,1
ISIC_0015229,ISIC_0015229.jpg,512,512,5,1,512,512,1
ISIC_0015232,ISIC_0015232.jpg,512,512,72,73,367,464,1
ISIC_0015233,ISIC_0015233.jpg,512,512,136,95,416,418,1
ISIC_0015237,ISIC_0015237.jpg,512,512,129,1,447,485,1
ISIC_0015241,ISIC_0015241.jpg,512,512,94,102,348,358,1
ISIC_0015243,ISIC_0015243.jpg,512,512,41,0,473,512,1
ISIC_0015244,ISIC_0015244.jpg,512,512,115,0,400,512,1
ISIC_0015245,ISIC_0015245.jpg,512,512,62,24,419,472,1
ISIC_0015250,ISIC_0015250.jpg,512,512,88,89,340,381,1
ISIC_0015251,ISIC_0015251.jpg,512,512,293,214,346,355,1
ISIC_0015254,ISIC_0015254.jpg,512,512,150,19,400,391,1
ISIC_0015255,ISIC_0015255.jpg,512,512,5,1,511,512,1
ISIC_0015256,ISIC_0015256.jpg,512,512,18,1,495,511,1
ISIC_0015258,ISIC_0015258.jpg,512,512,2,2,510,454,1
ISIC_0015260,ISIC_0015260.jpg,512,512,161,185,433,417,1
ISIC_0015264,ISIC_0015264.jpg,512,512,178,118,297,350,1
ISIC_0015270,ISIC_0015270.jpg,512,512,128,82,350,433,1
ISIC_0015273,ISIC_0015273.jpg,512,512,166,209,286,354,1
ISIC_0015274,ISIC_0015274.jpg,512,512,2,3,499,512,1
ISIC_0015276,ISIC_0015276.jpg,512,512,232,182,354,342,1
ISIC_0015279,ISIC_0015279.jpg,512,512,134,110,381,416,1
ISIC_0015283,ISIC_0015283.jpg,512,512,73,77,443,485,1
ISIC_0015284,ISIC_0015284.jpg,512,512,148,60,445,510,1
ISIC_0015291,ISIC_0015291.jpg,512,512,125,168,355,470,1
ISIC_0015293,ISIC_0015293.jpg,512,512,136,150,343,410,1
ISIC_0015295,ISIC_0015295.jpg,512,512,5,0,496,505,1
ISIC_0015298,ISIC_0015298.jpg,512,512,144,157,335,391,1
ISIC_0015309,ISIC_0015309.jpg,512,512,45,142,241,475,1
ISIC_0015310,ISIC_0015310.jpg,512,512,73,32,455,505,1
ISIC_0015311,ISIC_0015311.jpg,512,512,74,0,401,512,1
ISIC_0015312,ISIC_0015312.jpg,512,512,90,51,411,480,1
ISIC_0015313,ISIC_0015313.jpg,512,512,0,0,432,501,1
ISIC_0015330,ISIC_0015330.jpg,512,512,154,117,367,420,1
ISIC_0015331,ISIC_0015331.jpg,512,512,134,24,421,441,1
ISIC_0015353,ISIC_0015353.jpg,512,512,28,10,476,512,1
ISIC_0015355,ISIC_0015355.jpg,512,512,133,144,365,296,1
ISIC_0015357,ISIC_0015357.jpg,512,512,157,154,300,373,1
ISIC_0015360,ISIC_0015360.jpg,512,512,64,130,479,410,1
ISIC_0015363,ISIC_0015363.jpg,512,512,49,0,408,510,1
ISIC_0015368,ISIC_0015368.jpg,512,512,39,21,482,512,1
ISIC_0015369,ISIC_0015369.jpg,512,512,197,202,347,416,1
ISIC_0015383,ISIC_0015383.jpg,512,512,160,48,322,459,1
ISIC_0015390,ISIC_0015390.jpg,512,512,59,3,510,510,1
ISIC_0015395,ISIC_0015395.jpg,512,512,129,73,386,452,1
ISIC_0015401,ISIC_0015401.jpg,512,512,73,37,345,361,1
ISIC_0015403,ISIC_0015403.jpg,512,512,120,122,378,393,1
ISIC_0015404,ISIC_0015404.jpg,512,512,100,3,448,510,1
ISIC_0015411,ISIC_0015411.jpg,512,512,165,202,333,438,1
ISIC_0015412,ISIC_0015412.jpg,512,512,97,64,425,433,1
ISIC_0015416,ISIC_0015416.jpg,512,512,85,75,509,511,1
ISIC_0015417,ISIC_0015417.jpg,512,512,128,75,394,435,1
ISIC_0015418,ISIC_0015418.jpg,512,512,95,117,436,381,1
ISIC_0015419,ISIC_0015419.jpg,512,512,2,3,394,511,1
ISIC_0015436,ISIC_0015436.jpg,512,512,69,90,417,412,1
ISIC_0015440,ISIC_0015440.jpg,512,512,215,134,331,376,1
ISIC_0015443,ISIC_0015443.jpg,512,512,141,49,417,437,1
ISIC_0015445,ISIC_0015445.jpg,512,512,1,77,509,511,1
ISIC_0015447,ISIC_0015447.jpg,512,512,17,3,511,511,1
ISIC_0015455,ISIC_0015455.jpg,512,512,48,85,406,399,1
ISIC_0015464,ISIC_0015464.jpg,512,512,51,33,429,472,1
ISIC_0015466,ISIC_0015466.jpg,512,512,1,2,450,498,1
ISIC_0015468,ISIC_0015468.jpg,512,512,171,94,326,363,1
ISIC_0015476,ISIC_0015476.jpg,512,512,144,81,354,415,1
ISIC_0015481,ISIC_0015481.jpg,512,512,226,142,400,391,1
ISIC_0015482,ISIC_0015482.jpg,512,512,84,0,398,477,1
ISIC_0015483,ISIC_0015483.jpg,512,512,81,109,372,452,1
ISIC_0015485,ISIC_0015485.jpg,512,512,29,0,411,512,1
ISIC_0015496,ISIC_0015496.jpg,512,512,96,41,368,421,1
ISIC_0015510,ISIC_0015510.jpg,512,512,158,169,322,413,1
ISIC_0015526,ISIC_0015526.jpg,512,512,151,91,295,377,1
ISIC_0015537,ISIC_0015537.jpg,512,512,99,2,408,499,1
ISIC_0015544,ISIC_0015544.jpg,512,512,205,0,391,512,1
ISIC_0015559,ISIC_0015559.jpg,512,512,76,65,265,455,1
ISIC_0015563,ISIC_0015563.jpg,512,512,207,216,340,364,1
ISIC_0015566,ISIC_0015566.jpg,512,512,86,46,304,487,1
ISIC_0015568,ISIC_0015568.jpg,512,512,82,90,292,372,1
ISIC_0015582,ISIC_0015582.jpg,512,512,175,105,387,329,1
ISIC_0015593,ISIC_0015593.jpg,512,512,71,94,394,434,1
ISIC_0015603,ISIC_0015603.jpg,512,512,218,155,350,367,1
ISIC_0015607,ISIC_0015607.jpg,512,512,1,3,473,512,1
ISIC_0015614,ISIC_0015614.jpg,512,512,163,192,381,408,1
ISIC_0015617,ISIC_0015617.jpg,512,512,4,55,484,491,1
ISIC_0015625,ISIC_0015625.jpg,512,512,105,22,424,507,1
ISIC_0015627,ISIC_0015627.jpg,512,512,129,129,313,361,1
ISIC_0015631,ISIC_0015631.jpg,512,512,99,101,377,407,1
ISIC_0015636,ISIC_0015636.jpg,512,512,103,0,442,512,1
ISIC_0015638,ISIC_0015638.jpg,512,512,111,0,313,512,1
ISIC_0015641,ISIC_0015641.jpg,512,512,127,42,431,440,1
ISIC_0015645,ISIC_0015645.jpg,512,512,170,120,361,439,1
ISIC_0015936,ISIC_0015936.jpg,512,512,187,214,287,404,1
ISIC_0015937,ISIC_0015937.jpg,512,512,206,163,296,286,1
ISIC_0015939,ISIC_0015939.jpg,512,512,220,169,299,311,1
ISIC_0015940,ISIC_0015940.jpg,512,512,218,208,278,302,1
ISIC_0015941,ISIC_0015941.jpg,512,512,195,191,277,296,1
ISIC_0015942,ISIC_0015942.jpg,512,512,240,207,286,306,1
ISIC_0015943,ISIC_0015943.jpg,512,512,227,199,282,296,1
ISIC_0015944,ISIC_0015944.jpg,512,512,205,171,303,326,1
ISIC_0015945,ISIC_0015945.jpg,512,512,230,166,295,317,1
ISIC_0015946,ISIC_0015946.jpg,512,512,224,163,285,314,1
ISIC_0015947,ISIC_0015947.jpg,512,512,186,155,333,326,1
ISIC_0015948,ISIC_0015948.jpg,512,512,177,191,315,361,1
ISIC_0015949,ISIC_0015949.jpg,512,512,229,195,300,275,1
ISIC_0015950,ISIC_0015950.jpg,512,512,209,183,303,307,1
ISIC_0015951,ISIC_0015951.jpg,512,512,247,234,276,275,1
ISIC_0015952,ISIC_0015952.jpg,512,512,209,209,284,329,1
ISIC_0015953,ISIC_0015953.jpg,512,512,176,131,314,380,1
ISIC_0015955,ISIC_0015955.jpg,512,512,115,13,390,374,1
ISIC_0015956,ISIC_0015956.jpg,512,512,180,117,384,339,1
ISIC_0015957,ISIC_0015957.jpg,512,512,180,112,351,383,1
ISIC_0015958,ISIC_0015958.jpg,512,512,189,200,293,321,1
ISIC_0015960,ISIC_0015960.jpg,512,512,175,148,300,345,1
ISIC_0015961,ISIC_0015961.jpg,512,512,211,157,321,357,1
ISIC_0015962,ISIC_0015962.jpg,512,512,238,185,303,309,1
ISIC_0015963,ISIC_0015963.jpg,512,512,198,209,317,323,1
ISIC_0015964,ISIC_0015964.jpg,512,512,212,162,284,299,1
ISIC_0015965,ISIC_0015965.jpg,512,512,211,207,317,328,1
ISIC_0015966,ISIC_0015966.jpg,512,512,212,115,323,349,1
ISIC_0015967,ISIC_0015967.jpg,512,512,148,77,372,423,1
ISIC_0015968,ISIC_0015968.jpg,512,512,209,126,326,370,1
ISIC_0015969,ISIC_0015969.jpg,512,512,191,135,375,416,1
ISIC_0015971,ISIC_0015971.jpg,512,512,219,192,280,308,1
ISIC_0015972,ISIC_0015972.jpg,512,512,166,93,304,295,1
ISIC_0015973,ISIC_0015973.jpg,512,512,137,101,404,408,1
ISIC_0015974,ISIC_0015974.jpg,512,512,114,62,371,368,1
ISIC_0015975,ISIC_0015975.jpg,512,512,220,182,340,318,1
ISIC_0015976,ISIC_0015976.jpg,512,512,214,195,316,325,1
ISIC_0015978,ISIC_0015978.jpg,512,512,216,128,301,259,1
ISIC_0015980,ISIC_0015980.jpg,512,512,202,170,333,299,1
ISIC_0015981,ISIC_0015981.jpg,512,512,203,168,295,329,1
ISIC_0015982,ISIC_0015982.jpg,512,512,211,119,344,343,1
ISIC_0015983,ISIC_0015983.jpg,512,512,110,0,374,487,1
ISIC_0015984,ISIC_0015984.jpg,512,512,224,162,397,379,1
ISIC_0015985,ISIC_0015985.jpg,512,512,246,220,317,328,1
ISIC_0015986,ISIC_0015986.jpg,512,512,205,152,286,359,1
ISIC_0015987,ISIC_0015987.jpg,512,512,207,156,284,329,1
ISIC_0015989,ISIC_0015989.jpg,512,512,216,176,286,305,1
ISIC_0015990,ISIC_0015990.jpg,512,512,168,180,335,349,1
ISIC_0015991,ISIC_0015991.jpg,512,512,198,201,328,306,1
ISIC_0015993,ISIC_0015993.jpg,512,512,196,206,317,312,1
ISIC_0015994,ISIC_0015994.jpg,512,512,225,195,287,285,1
ISIC_0015995,ISIC_0015995.jpg,512,512,204,188,343,399,1
ISIC_0015996,ISIC_0015996.jpg,512,512,202,256,308,423,1
ISIC_0015997,ISIC_0015997.jpg,512,512,207,204,297,345,1
ISIC_0015998,ISIC_0015998.jpg,512,512,213,197,317,307,1
ISIC_0015999,ISIC_0015999.jpg,512,512,235,198,300,298,1
ISIC_0016000,ISIC_0016000.jpg,512,512,219,182,310,318,1
ISIC_0016003,ISIC_0016003.jpg,512,512,197,184,299,335,1
ISIC_0016004,ISIC_0016004.jpg,512,512,196,135,317,360,1
ISIC_0016005,ISIC_0016005.jpg,512,512,178,180,352,388,1
ISIC_0016006,ISIC_0016006.jpg,512,512,202,267,298,424,1
ISIC_0016007,ISIC_0016007.jpg,512,512,211,232,325,392,1
ISIC_0016008,ISIC_0016008.jpg,512,512,121,105,282,470,1
ISIC_0016009,ISIC_0016009.jpg,512,512,206,176,318,355,1
ISIC_0016011,ISIC_0016011.jpg,512,512,223,196,283,297,1
ISIC_0016012,ISIC_0016012.jpg,512,512,196,297,306,405,1
ISIC_0016013,ISIC_0016013.jpg,512,512,208,212,283,366,1
ISIC_0016014,ISIC_0016014.jpg,512,512,168,248,296,397,1
ISIC_0016015,ISIC_0016015.jpg,512,512,200,185,318,391,1
ISIC_0016016,ISIC_0016016.jpg,512,512,73,82,249,397,1
ISIC_0016017,ISIC_0016017.jpg,512,512,207,213,295,314,1
ISIC_0016019,ISIC_0016019.jpg,512,512,207,176,310,328,1
ISIC_0016022,ISIC_0016022.jpg,512,512,145,295,246,436,1
ISIC_0016023,ISIC_0016023.jpg,512,512,207,167,307,295,1
ISIC_0016024,ISIC_0016024.jpg,512,512,184,155,318,404,1
ISIC_0016025,ISIC_0016025.jpg,512,512,125,90,350,461,1
ISIC_0016026,ISIC_0016026.jpg,512,512,223,200,302,321,1
ISIC_0016027,ISIC_0016027.jpg,512,512,240,211,283,289,1
ISIC_0016028,ISIC_0016028.jpg,512,512,214,137,295,246,1
ISIC_0016029,ISIC_0016029.jpg,512,512,156,171,331,378,1
ISIC_0016030,ISIC_0016030.jpg,512,512,122,85,268,311,1
ISIC_0016033,ISIC_0016033.jpg,512,512,172,95,333,323,1
ISIC_0016034,ISIC_0016034.jpg,512,512,373,123,463,257,1
ISIC_0016035,ISIC_0016035.jpg,512,512,109,8,493,456,1
ISIC_0016036,ISIC_0016036.jpg,512,512,113,131,384,489,1
ISIC_0016037,ISIC_0016037.jpg,512,512,186,204,408,409,1
ISIC_0016038,ISIC_0016038.jpg,512,512,231,198,307,284,1
ISIC_0016040,ISIC_0016040.jpg,512,512,197,140,302,292,1
ISIC_0016041,ISIC_0016041.jpg,512,512,214,200,306,365,1
ISIC_0016042,ISIC_0016042.jpg,512,512,213,179,321,320,1
ISIC_0016043,ISIC_0016043.jpg,512,512,198,249,293,361,1
ISIC_0016044,ISIC_0016044.jpg,512,512,207,152,316,341,1
ISIC_0016045,ISIC_0016045.jpg,512,512,213,175,293,272,1
ISIC_0016046,ISIC_0016046.jpg,512,512,212,150,311,327,1
ISIC_0016048,ISIC_0016048.jpg,512,512,218,258,274,344,1
ISIC_0016050,ISIC_0016050.jpg,512,512,227,280,289,388,1
ISIC_0016051,ISIC_0016051.jpg,512,512,185,201,273,312,1
ISIC_0016052,ISIC_0016052.jpg,512,512,158,95,349,425,1
ISIC_0016053,ISIC_0016053.jpg,512,512,197,223,240,297,1
ISIC_0016054,ISIC_0016054.jpg,512,512,210,201,356,434,1
ISIC_0016055,ISIC_0016055.jpg,512,512,138,44,385,436,1
ISIC_0016056,ISIC_0016056.jpg,512,512,244,188,293,289,1
ISIC_0016057,ISIC_0016057.jpg,512,512,187,195,324,336,1
ISIC_0016058,ISIC_0016058.jpg,512,512,221,313,277,442,1
ISIC_0016059,ISIC_0016059.jpg,512,512,224,272,291,376,1
ISIC_0016060,ISIC_0016060.jpg,512,512,228,178,310,287,1
ISIC_0016061,ISIC_0016061.jpg,512,512,226,268,279,346,1
ISIC_0016062,ISIC_0016062.jpg,512,512,207,201,303,324,1
ISIC_0016063,ISIC_0016063.jpg,512,512,242,272,306,365,1
ISIC_0016064,ISIC_0016064.jpg,512,512,220,184,292,282,1
ISIC_0016065,ISIC_0016065.jpg,512,512,231,197,285,287,1
ISIC_0016066,ISIC_0016066.jpg,512,512,209,258,350,476,1
ISIC_0016068,ISIC_0016068.jpg,512,512,175,141,353,430,1
ISIC_0016069,ISIC_0016069.jpg,512,512,226,267,299,380,1
ISIC_0016070,ISIC_0016070.jpg,512,512,227,240,311,342,1
ISIC_0016071,ISIC_0016071.jpg,512,512,190,222,307,323,1
ISIC_0016072,ISIC_0016072.jpg,512,512,197,228,350,459,1
